"draft_id","season","status","type","round","round_pick","round_pick_char","slot","overall","original_franchise_id","franchise_id","player_id","player_name"
721099701922897920,2021,"complete","snake",1,1,"1.01",1,1,10,10,4046,"Patrick Mahomes"
721099701922897920,2021,"complete","snake",1,2,"1.02",2,2,11,11,4984,"Josh Allen"
721099701922897920,2021,"complete","snake",1,3,"1.03",3,3,2,2,5849,"Kyler Murray"
721099701922897920,2021,"complete","snake",1,4,"1.04",4,4,6,6,4034,"Christian McCaffrey"
721099701922897920,2021,"complete","snake",1,5,"1.05",5,5,12,12,6797,"Justin Herbert"
721099701922897920,2021,"complete","snake",1,6,"1.06",6,6,7,7,4881,"Lamar Jackson"
721099701922897920,2021,"complete","snake",1,7,"1.07",7,7,3,3,4029,"Dalvin Cook"
721099701922897920,2021,"complete","snake",1,8,"1.08",8,8,5,5,3198,"Derrick Henry"
721099701922897920,2021,"complete","snake",1,9,"1.09",9,9,8,8,4866,"Saquon Barkley"
721099701922897920,2021,"complete","snake",1,10,"1.10",10,10,1,1,6813,"Jonathan Taylor"
721099701922897920,2021,"complete","snake",1,11,"1.11",11,11,9,9,4988,"Nick Chubb"
721099701922897920,2021,"complete","snake",1,12,"1.12",12,12,4,4,4035,"Alvin Kamara"
721099701922897920,2021,"complete","snake",1,13,"1.13",13,13,14,14,6790,"D'Andre Swift"
721099701922897920,2021,"complete","snake",1,14,"1.14",14,14,13,13,4663,"Austin Ekeler"
721099701922897920,2021,"complete","snake",2,1,"2.01",14,15,13,13,3321,"Tyreek Hill"
721099701922897920,2021,"complete","snake",2,2,"2.02",13,16,14,14,3294,"Dak Prescott"
721099701922897920,2021,"complete","snake",2,3,"2.03",12,17,4,4,7523,"Trevor Lawrence"
721099701922897920,2021,"complete","snake",2,4,"2.04",11,18,9,9,1466,"Travis Kelce"
721099701922897920,2021,"complete","snake",2,5,"2.05",10,19,1,1,7528,"Najee Harris"
721099701922897920,2021,"complete","snake",2,6,"2.06",9,20,8,8,6770,"Joe Burrow"
721099701922897920,2021,"complete","snake",2,7,"2.07",8,21,5,5,6794,"Justin Jefferson"
721099701922897920,2021,"complete","snake",2,8,"2.08",7,22,3,3,5846,"DK Metcalf"
721099701922897920,2021,"complete","snake",2,9,"2.09",6,23,7,7,1234,"Russell Wilson"
721099701922897920,2021,"complete","snake",2,10,"2.10",5,24,12,12,2505,"Darren Waller"
721099701922897920,2021,"complete","snake",2,11,"2.11",4,25,6,6,5859,"A.J. Brown"
721099701922897920,2021,"complete","snake",2,12,"2.12",3,26,2,2,2449,"Stefon Diggs"
721099701922897920,2021,"complete","snake",2,13,"2.13",2,27,11,11,3164,"Ezekiel Elliott"
721099701922897920,2021,"complete","snake",2,14,"2.14",1,28,10,10,2133,"Davante Adams"
721099701922897920,2021,"complete","snake",3,1,"3.01",1,29,10,10,6820,"Clyde Edwards-Helaire"
721099701922897920,2021,"complete","snake",3,2,"3.02",2,30,11,11,6806,"J.K. Dobbins"
721099701922897920,2021,"complete","snake",3,3,"3.03",3,31,2,2,4217,"George Kittle"
721099701922897920,2021,"complete","snake",3,4,"3.04",4,32,6,6,6945,"Antonio Gibson"
721099701922897920,2021,"complete","snake",3,5,"3.05",5,33,12,12,4199,"Aaron Jones"
721099701922897920,2021,"complete","snake",3,6,"3.06",6,34,7,7,7553,"Kyle Pitts"
721099701922897920,2021,"complete","snake",3,7,"3.07",7,35,3,3,1426,"DeAndre Hopkins"
721099701922897920,2021,"complete","snake",3,8,"3.08",8,36,5,5,7564,"Ja'Marr Chase"
721099701922897920,2021,"complete","snake",3,9,"3.09",9,37,8,8,4981,"Calvin Ridley"
721099701922897920,2021,"complete","snake",3,10,"3.10",10,38,1,1,6786,"CeeDee Lamb"
721099701922897920,2021,"complete","snake",3,11,"3.11",11,39,9,9,5927,"Terry McLaurin"
721099701922897920,2021,"complete","snake",3,12,"3.12",12,40,4,4,5012,"Mark Andrews"
721099701922897920,2021,"complete","snake",3,13,"3.13",13,41,14,14,2309,"Amari Cooper"
721099701922897920,2021,"complete","snake",3,14,"3.14",14,42,13,13,4018,"Joe Mixon"
721099701922897920,2021,"complete","snake",4,1,"4.01",14,43,13,13,6904,"Jalen Hurts"
721099701922897920,2021,"complete","snake",4,2,"4.02",13,44,14,14,1992,"Allen Robinson"
721099701922897920,2021,"complete","snake",4,3,"4.03",12,45,4,4,7543,"Travis Etienne"
721099701922897920,2021,"complete","snake",4,4,"4.04",11,46,9,9,4892,"Baker Mayfield"
721099701922897920,2021,"complete","snake",4,5,"4.05",10,47,1,1,7591,"Justin Fields"
721099701922897920,2021,"complete","snake",4,6,"4.06",9,48,8,8,5892,"David Montgomery"
721099701922897920,2021,"complete","snake",4,7,"4.07",8,49,5,5,1479,"Keenan Allen"
721099701922897920,2021,"complete","snake",4,8,"4.08",7,50,3,6,5844,"T.J. Hockenson"
721099701922897920,2021,"complete","snake",4,9,"4.09",6,51,7,7,5850,"Josh Jacobs"
721099701922897920,2021,"complete","snake",4,10,"4.10",5,52,12,12,6151,"Miles Sanders"
721099701922897920,2021,"complete","snake",4,11,"4.11",4,53,6,6,7610,"Trey Lance"
721099701922897920,2021,"complete","snake",4,12,"4.12",3,54,2,2,4037,"Chris Godwin"
721099701922897920,2021,"complete","snake",4,13,"4.13",2,55,11,11,2216,"Mike Evans"
721099701922897920,2021,"complete","snake",4,14,"4.14",1,56,10,10,1825,"Jarvis Landry"
721099701922897920,2021,"complete","snake",5,1,"5.01",1,57,10,10,4098,"Kareem Hunt"
721099701922897920,2021,"complete","snake",5,2,"5.02",2,58,11,11,4983,"DJ Moore"
721099701922897920,2021,"complete","snake",5,3,"5.03",3,59,2,2,4273,"Chris Carson"
721099701922897920,2021,"complete","snake",5,4,"5.04",4,60,6,6,421,"Matthew Stafford"
721099701922897920,2021,"complete","snake",5,5,"5.05",5,61,12,12,6886,"Chase Claypool"
721099701922897920,2021,"complete","snake",5,6,"5.06",6,62,7,7,6801,"Tee Higgins"
721099701922897920,2021,"complete","snake",5,7,"5.07",7,63,3,3,96,"Aaron Rodgers"
721099701922897920,2021,"complete","snake",5,8,"5.08",8,64,5,5,3199,"Michael Thomas"
721099701922897920,2021,"complete","snake",5,9,"5.09",9,65,8,8,6803,"Brandon Aiyuk"
721099701922897920,2021,"complete","snake",5,10,"5.10",10,66,1,1,7588,"Javonte Williams"
721099701922897920,2021,"complete","snake",5,11,"5.11",11,67,9,9,1264,"Justin Tucker"
721099701922897920,2021,"complete","snake",5,12,"5.12",12,68,4,4,4131,"Kenny Golladay"
721099701922897920,2021,"complete","snake",5,13,"5.13",13,69,14,14,7525,"DeVonta Smith"
721099701922897920,2021,"complete","snake",5,14,"5.14",14,70,13,13,4039,"Cooper Kupp"
721099701922897920,2021,"complete","snake",6,1,"6.01",14,71,13,13,3161,"Carson Wentz"
721099701922897920,2021,"complete","snake",6,2,"6.02",13,72,14,14,1049,"Ryan Tannehill"
721099701922897920,2021,"complete","snake",6,3,"6.03",12,73,4,4,7526,"Jaylen Waddle"
721099701922897920,2021,"complete","snake",6,4,"6.04",11,74,9,9,2374,"Tyler Lockett"
721099701922897920,2021,"complete","snake",6,5,"6.05",10,75,1,1,1352,"Robert Woods"
721099701922897920,2021,"complete","snake",6,6,"6.06",9,76,8,8,5937,"Diontae Johnson"
721099701922897920,2021,"complete","snake",6,7,"6.07",8,77,5,5,5980,"Myles Gaskin"
721099701922897920,2021,"complete","snake",6,8,"6.08",7,78,3,3,5052,"Ronald Jones"
721099701922897920,2021,"complete","snake",6,9,"6.09",6,79,7,7,6783,"Jerry Jeudy"
721099701922897920,2021,"complete","snake",6,10,"6.10",5,80,12,12,5857,"Noah Fant"
721099701922897920,2021,"complete","snake",6,11,"6.11",4,81,6,3,5022,"Dallas Goedert"
721099701922897920,2021,"complete","snake",6,12,"6.12",3,82,2,2,5000,"Chase Edmonds"
721099701922897920,2021,"complete","snake",6,13,"6.13",2,83,11,11,1689,"Adam Thielen"
721099701922897920,2021,"complete","snake",6,14,"6.14",1,84,10,10,4993,"Mike Gesicki"
721099701922897920,2021,"complete","snake",7,1,"7.01",1,85,10,10,6768,"Tua Tagovailoa"
721099701922897920,2021,"complete","snake",7,2,"7.02",2,86,11,11,515,"Rob Gronkowski"
721099701922897920,2021,"complete","snake",7,3,"7.03",3,87,2,4,3225,"Tyler Boyd"
721099701922897920,2021,"complete","snake",7,4,"7.04",4,88,6,3,4951,"DJ Chark"
721099701922897920,2021,"complete","snake",7,5,"7.05",5,89,12,12,5045,"Courtland Sutton"
721099701922897920,2021,"complete","snake",7,6,"7.06",6,90,7,7,6955,"James Robinson"
721099701922897920,2021,"complete","snake",7,7,"7.07",7,91,3,3,7593,"Trey Sermon"
721099701922897920,2021,"complete","snake",7,8,"7.08",8,92,5,5,7538,"Zach Wilson"
721099701922897920,2021,"complete","snake",7,9,"7.09",9,93,8,8,5870,"Daniel Jones"
721099701922897920,2021,"complete","snake",7,10,"7.10",10,94,1,1,4040,"JuJu Smith-Schuster"
721099701922897920,2021,"complete","snake",7,11,"7.11",11,95,9,9,5872,"Deebo Samuel"
721099701922897920,2021,"complete","snake",7,12,"7.12",12,96,4,2,947,"Julio Jones"
721099701922897920,2021,"complete","snake",7,13,"7.13",13,97,14,14,6126,"Irv Smith"
721099701922897920,2021,"complete","snake",7,14,"7.14",14,98,13,13,2251,"Logan Thomas"
721099701922897920,2021,"complete","snake",8,1,"8.01",14,99,13,13,2078,"Odell Beckham"
721099701922897920,2021,"complete","snake",8,2,"8.02",13,100,14,14,5890,"Damien Harris"
721099701922897920,2021,"complete","snake",8,3,"8.03",12,101,4,2,167,"Tom Brady"
721099701922897920,2021,"complete","snake",8,4,"8.04",11,102,9,9,6828,"A.J. Dillon"
721099701922897920,2021,"complete","snake",8,5,"8.05",10,103,1,1,3423,"Robbie Chosen"
721099701922897920,2021,"complete","snake",8,6,"8.06",9,104,8,8,4082,"Curtis Samuel"
721099701922897920,2021,"complete","snake",8,7,"8.07",8,105,5,5,4602,"Robert Tonyan"
721099701922897920,2021,"complete","snake",8,8,"8.08",7,106,3,6,6819,"Michael Pittman"
721099701922897920,2021,"complete","snake",8,9,"8.09",6,107,7,7,7571,"Rashod Bateman"
721099701922897920,2021,"complete","snake",8,10,"8.10",5,108,12,12,6814,"Laviska Shenault"
721099701922897920,2021,"complete","snake",8,11,"8.11",4,109,6,6,7596,"Elijah Moore"
721099701922897920,2021,"complete","snake",8,12,"8.12",3,110,2,4,4943,"Sam Darnold"
721099701922897920,2021,"complete","snake",8,13,"8.13",2,111,11,11,24,"Matt Ryan"
721099701922897920,2021,"complete","snake",8,14,"8.14",1,112,10,10,2197,"Brandin Cooks"
721099701922897920,2021,"complete","snake",9,1,"9.01",1,113,10,10,3214,"Hunter Henry"
721099701922897920,2021,"complete","snake",9,2,"9.02",2,114,11,11,4068,"Mike Williams"
721099701922897920,2021,"complete","snake",9,3,"9.03",3,115,2,2,7607,"Michael Carter"
721099701922897920,2021,"complete","snake",9,4,"9.04",4,116,6,6,6938,"Cam Akers"
721099701922897920,2021,"complete","snake",9,5,"9.05",5,117,12,12,4017,"Deshaun Watson"
721099701922897920,2021,"complete","snake",9,6,"9.06",6,118,7,7,5848,"Marquise Brown"
721099701922897920,2021,"complete","snake",9,7,"9.07",7,119,3,3,7527,"Mac Jones"
721099701922897920,2021,"complete","snake",9,8,"9.08",8,120,5,5,1166,"Kirk Cousins"
721099701922897920,2021,"complete","snake",9,9,"9.09",9,121,8,8,3271,"Tyler Higbee"
721099701922897920,2021,"complete","snake",9,10,"9.10",10,122,1,1,2431,"Mike Davis"
721099701922897920,2021,"complete","snake",9,11,"9.11",11,123,9,9,2028,"Derek Carr"
721099701922897920,2021,"complete","snake",9,12,"9.12",12,124,4,4,6789,"Henry Ruggs"
721099701922897920,2021,"complete","snake",9,13,"9.13",13,125,14,14,6869,"Adam Trautman"
721099701922897920,2021,"complete","snake",9,14,"9.14",14,126,13,13,5916,"Darrell Henderson"
721099701922897920,2021,"complete","snake",10,1,"10.01",14,127,13,13,2319,"DeVante Parker"
721099701922897920,2021,"complete","snake",10,2,"10.02",13,128,14,14,4227,"Harrison Butker"
721099701922897920,2021,"complete","snake",10,3,"10.03",12,129,4,4,367,"Jared Cook"
721099701922897920,2021,"complete","snake",10,4,"10.04",11,130,9,9,5038,"Michael Gallup"
721099701922897920,2021,"complete","snake",10,5,"10.05",10,131,1,1,4089,"Gerald Everett"
721099701922897920,2021,"complete","snake",10,6,"10.06",9,132,8,8,7090,"Darnell Mooney"
721099701922897920,2021,"complete","snake",10,7,"10.07",8,133,5,5,4066,"Evan Engram"
721099701922897920,2021,"complete","snake",10,8,"10.08",7,134,3,3,7600,"Pat Freiermuth"
721099701922897920,2021,"complete","snake",10,9,"10.09",6,135,7,7,2749,"Raheem Mostert"
721099701922897920,2021,"complete","snake",10,10,"10.10",5,136,12,12,3157,"William Fuller"
721099701922897920,2021,"complete","snake",10,11,"10.11",4,137,6,6,7601,"Rondale Moore"
721099701922897920,2021,"complete","snake",10,12,"10.12",3,138,2,2,4036,"Corey Davis"
721099701922897920,2021,"complete","snake",10,13,"10.13",2,139,11,11,2320,"Melvin Gordon"
721099701922897920,2021,"complete","snake",10,14,"10.14",1,140,10,10,7042,"Tyler Bass"
721099701922897920,2021,"complete","snake",11,1,"11.01",1,141,10,10,3202,"Austin Hooper"
721099701922897920,2021,"complete","snake",11,2,"11.02",2,142,11,11,4435,"Anthony Firkser"
721099701922897920,2021,"complete","snake",11,3,"11.03",3,143,2,2,6130,"Devin Singletary"
721099701922897920,2021,"complete","snake",11,4,"11.04",4,144,6,3,3969,"Leonard Fournette"
721099701922897920,2021,"complete","snake",11,5,"11.05",5,145,12,12,5119,"Jason Sanders"
721099701922897920,2021,"complete","snake",11,6,"11.06",6,146,7,7,7547,"Amon-Ra St. Brown"
721099701922897920,2021,"complete","snake",11,7,"11.07",7,147,3,6,5917,"Mecole Hardman"
721099701922897920,2021,"complete","snake",11,8,"11.08",8,148,5,5,6845,"Zack Moss"
721099701922897920,2021,"complete","snake",11,9,"11.09",9,149,8,8,4666,"Younghoe Koo"
721099701922897920,2021,"complete","snake",11,10,"11.10",10,150,1,1,2306,"Jameis Winston"
721099701922897920,2021,"complete","snake",11,11,"11.11",11,151,9,9,3242,"Kenyan Drake"
721099701922897920,2021,"complete","snake",11,12,"11.12",12,152,4,4,2325,"Nelson Agholor"
721099701922897920,2021,"complete","snake",11,13,"11.13",13,153,14,14,536,"Antonio Brown"
721099701922897920,2021,"complete","snake",11,14,"11.14",14,154,13,13,1110,"T.Y. Hilton"
721099701922897920,2021,"complete","snake",12,1,"12.01",14,155,13,13,6804,"Jordan Love"
721099701922897920,2021,"complete","snake",12,2,"12.02",13,156,14,14,5347,"Nyheim Miller-Hines"
721099701922897920,2021,"complete","snake",12,3,"12.03",12,157,4,4,2391,"David Johnson"
721099701922897920,2021,"complete","snake",12,4,"12.04",11,158,9,9,4144,"Jonnu Smith"
721099701922897920,2021,"complete","snake",12,5,"12.05",10,159,1,1,6826,"Cole Kmet"
721099701922897920,2021,"complete","snake",12,6,"12.06",9,160,8,8,4137,"James Conner"
721099701922897920,2021,"complete","snake",12,7,"12.07",8,161,5,5,7565,"Terrace Marshall"
721099701922897920,2021,"complete","snake",12,8,"12.08",7,162,3,3,7540,"Amari Rodgers"
721099701922897920,2021,"complete","snake",12,9,"12.09",6,163,7,7,7594,"Chuba Hubbard"
721099701922897920,2021,"complete","snake",12,10,"12.10",5,164,12,12,5170,"Phillip Lindsay"
721099701922897920,2021,"complete","snake",12,11,"12.11",4,165,6,6,4055,"O.J. Howard"
721099701922897920,2021,"complete","snake",12,12,"12.12",3,166,2,2,1339,"Zach Ertz"
721099701922897920,2021,"complete","snake",12,13,"12.13",2,167,11,11,391,"Ryan Succop"
721099701922897920,2021,"complete","snake",12,14,"12.14",1,168,10,10,3664,"J.D. McKissic"
721099701922897920,2021,"complete","snake",13,1,"13.01",1,169,10,10,4950,"Christian Kirk"
721099701922897920,2021,"complete","snake",13,2,"13.02",2,170,11,11,4571,"Blake Jarwin"
721099701922897920,2021,"complete","snake",13,3,"13.03",3,171,2,2,6798,"Jalen Reagor"
721099701922897920,2021,"complete","snake",13,4,"13.04",4,172,6,6,5967,"Tony Pollard"
721099701922897920,2021,"complete","snake",13,5,"13.05",5,173,12,12,5880,"Parris Campbell"
721099701922897920,2021,"complete","snake",13,6,"13.06",6,174,7,7,6849,"Denzel Mims"
721099701922897920,2021,"complete","snake",13,7,"13.07",7,175,3,3,6943,"Gabe Davis"
721099701922897920,2021,"complete","snake",13,8,"13.08",8,176,5,5,7606,"Kadarius Toney"
721099701922897920,2021,"complete","snake",13,9,"13.09",9,177,8,8,3200,"Sterling Shepard"
721099701922897920,2021,"complete","snake",13,10,"13.10",10,178,1,1,7567,"Kenneth Gainwell"
721099701922897920,2021,"complete","snake",13,11,"13.11",11,179,9,9,4149,"Jamaal Williams"
721099701922897920,2021,"complete","snake",13,12,"13.12",12,180,4,4,1817,"Sammy Watkins"
721099701922897920,2021,"complete","snake",13,13,"13.13",13,181,14,14,4973,"Hayden Hurst"
721099701922897920,2021,"complete","snake",13,14,"13.14",14,182,13,13,7563,"Javian Hawkins"
721099701922897920,2021,"complete","snake",14,1,"14.01",14,183,13,13,333,"Ryan Fitzpatrick"
721099701922897920,2021,"complete","snake",14,2,"14.02",13,184,14,14,5987,"Alexander Mattison"
721099701922897920,2021,"complete","snake",14,3,"14.03",12,185,4,4,1067,"Marvin Jones"
721099701922897920,2021,"complete","snake",14,4,"14.04",11,186,9,9,6149,"Darius Slayton"
721099701922897920,2021,"complete","snake",14,5,"14.05",10,187,1,1,1144,"Cole Beasley"
721099701922897920,2021,"complete","snake",14,6,"14.06",9,188,8,8,954,"Cam Newton"
721099701922897920,2021,"complete","snake",14,7,"14.07",8,189,5,5,1476,"Latavius Murray"
721099701922897920,2021,"complete","snake",14,8,"14.08",7,190,3,3,5110,"Russell Gage"
721099701922897920,2021,"complete","snake",14,9,"14.09",6,191,7,7,2118,"Eric Ebron"
721099701922897920,2021,"complete","snake",14,10,"14.10",5,192,12,12,2410,"Jamison Crowder"
721099701922897920,2021,"complete","snake",14,11,"14.11",4,193,6,6,3163,"Jared Goff"
721099701922897920,2021,"complete","snake",14,12,"14.12",3,194,2,2,7562,"Tutu Atwell"
721099701922897920,2021,"complete","snake",14,13,"14.13",2,195,11,11,138,"Ben Roethlisberger"
721099701922897920,2021,"complete","snake",14,14,"14.14",1,196,10,10,559,"Tim Tebow"
721099701922897920,2021,"complete","snake",15,1,"15.01",1,197,10,10,7062,"Rodrigo Blankenship"
721099701922897920,2021,"complete","snake",15,2,"15.02",2,198,11,11,1266,"Greg Zuerlein"
721099701922897920,2021,"complete","snake",15,3,"15.03",3,199,2,2,5248,"Gus Edwards"
721099701922897920,2021,"complete","snake",15,4,"15.04",4,200,6,6,2238,"John Brown"
721099701922897920,2021,"complete","snake",15,5,"15.05",5,201,12,12,4157,"Tarik Cohen"
721099701922897920,2021,"complete","snake",15,6,"15.06",6,202,7,7,6824,"Donovan Peoples-Jones"
721099701922897920,2021,"complete","snake",15,7,"15.07",7,203,3,3,4985,"Rashaad Penny"
721099701922897920,2021,"complete","snake",15,8,"15.08",8,204,5,5,1837,"Jimmy Garoppolo"
721099701922897920,2021,"complete","snake",15,9,"15.09",9,205,8,8,7587,"Dyami Brown"
721099701922897920,2021,"complete","snake",15,10,"15.10",10,206,1,1,7670,"Joshua Palmer"
721099701922897920,2021,"complete","snake",15,11,"15.11",11,207,9,9,6853,"Van Jefferson"
721099701922897920,2021,"complete","snake",15,12,"15.12",12,208,4,4,7569,"Nico Collins"
721099701922897920,2021,"complete","snake",15,13,"15.13",13,209,14,14,2152,"Teddy Bridgewater"
721099701922897920,2021,"complete","snake",15,14,"15.14",14,210,13,13,4454,"Kendrick Bourne"
721099701922897920,2021,"complete","snake",16,1,"16.01",14,211,13,13,6850,"Harrison Bryant"
721099701922897920,2021,"complete","snake",16,2,"16.02",13,212,14,3,2747,"Jason Myers"
721099701922897920,2021,"complete","snake",16,3,"16.03",12,213,4,4,5095,"Daniel Carlson"
721099701922897920,2021,"complete","snake",16,4,"16.04",11,214,9,9,4152,"Marlon Mack"
721099701922897920,2021,"complete","snake",16,5,"16.05",10,215,1,1,6805,"KJ Hamler"
721099701922897920,2021,"complete","snake",16,6,"16.06",9,216,8,8,5009,"Chris Herndon"
721099701922897920,2021,"complete","snake",16,7,"16.07",8,217,5,5,5906,"Dawson Knox"
721099701922897920,2021,"complete","snake",16,8,"16.08",7,218,3,3,4381,"Taysom Hill"
721099701922897920,2021,"complete","snake",16,9,"16.09",6,219,7,7,830,"A.J. Green"
721099701922897920,2021,"complete","snake",16,10,"16.10",5,220,12,12,7533,"Anthony Schwartz"
721099701922897920,2021,"complete","snake",16,11,"16.11",4,221,6,6,6885,"Ke'Shawn Vaughn"
721099701922897920,2021,"complete","snake",16,12,"16.12",3,222,2,2,5947,"Jakobi Meyers"
721099701922897920,2021,"complete","snake",16,13,"16.13",2,223,11,11,5026,"Tre'Quan Smith"
721099701922897920,2021,"complete","snake",16,14,"16.14",1,224,10,10,7568,"Brevin Jordan"
721099701922897920,2021,"complete","snake",17,1,"17.01",1,225,10,10,6870,"Bryan Edwards"
721099701922897920,2021,"complete","snake",17,2,"17.02",2,226,11,11,538,"Emmanuel Sanders"
721099701922897920,2021,"complete","snake",17,3,"17.03",3,227,2,1,7605,"Kyle Trask"
721099701922897920,2021,"complete","snake",17,4,"17.04",4,228,6,6,2331,"Breshad Perriman"
721099701922897920,2021,"complete","snake",17,5,"17.05",5,229,12,12,5854,"Drew Lock"
721099701922897920,2021,"complete","snake",17,6,"17.06",6,230,7,7,4033,"David Njoku"
721099701922897920,2021,"complete","snake",17,7,"17.07",7,231,3,3,7611,"Rhamondre Stevenson"
721099701922897920,2021,"complete","snake",17,8,"17.08",8,232,5,5,2315,"Todd Gurley"
721099701922897920,2021,"complete","snake",17,9,"17.09",9,233,8,8,6895,"Quintez Cephus"
721099701922897920,2021,"complete","snake",17,10,"17.10",10,234,1,2,7581,"Kellen Mond"
721099701922897920,2021,"complete","snake",17,11,"17.11",11,235,9,9,7595,"Tylan Wallace"
721099701922897920,2021,"complete","snake",17,12,"17.12",12,236,4,4,7729,"Dez Fitzpatrick"
721099701922897920,2021,"complete","snake",17,13,"17.13",13,237,14,14,2711,"Taylor Heinicke"
721099701922897920,2021,"complete","snake",17,14,"17.14",14,238,13,13,928,"Randall Cobb"
721099701922897920,2021,"complete","snake",18,1,"18.01",14,239,13,13,7771,"Jake Funk"
721099701922897920,2021,"complete","snake",18,2,"18.02",13,240,14,14,5086,"Marquez Valdes-Scantling"
721099701922897920,2021,"complete","snake",18,3,"18.03",12,241,4,4,5549,"Darrel Williams"
721099701922897920,2021,"complete","snake",18,4,"18.04",11,242,9,9,1848,"James White"
721099701922897920,2021,"complete","snake",18,5,"18.05",10,243,1,2,6918,"Salvon Ahmed"
721099701922897920,2021,"complete","snake",18,6,"18.06",9,244,8,8,7794,"Chris Evans"
721099701922897920,2021,"complete","snake",18,7,"18.07",8,245,5,5,2378,"Tevin Coleman"
721099701922897920,2021,"complete","snake",18,8,"18.08",7,246,3,3,5878,"N'Keal Harry"
721099701922897920,2021,"complete","snake",18,9,"18.09",6,247,7,7,5955,"Hunter Renfrow"
721099701922897920,2021,"complete","snake",18,10,"18.10",5,248,12,12,4962,"Sony Michel"
721099701922897920,2021,"complete","snake",18,11,"18.11",4,249,6,6,5185,"Allen Lazard"
721099701922897920,2021,"complete","snake",18,12,"18.12",3,250,2,1,6909,"Lynn Bowden"
721099701922897920,2021,"complete","snake",18,13,"18.13",2,251,11,11,6421,"Jalen Guyton"
721099701922897920,2021,"complete","snake",18,14,"18.14",1,252,10,10,6271,"Olamide Zaccheaus"
721099701922897920,2021,"complete","snake",19,1,"19.01",1,253,10,10,5013,"Anthony Miller"
721099701922897920,2021,"complete","snake",19,2,"19.02",2,254,11,11,827,"Tyrod Taylor"
721099701922897920,2021,"complete","snake",19,3,"19.03",3,255,2,2,1433,"Brandon McManus"
721099701922897920,2021,"complete","snake",19,4,"19.04",4,256,6,6,7064,"Darrynton Evans"
721099701922897920,2021,"complete","snake",19,5,"19.05",5,257,12,12,7828,"Noah Gray"
721099701922897920,2021,"complete","snake",19,6,"19.06",6,258,7,7,350,"Mark Sanchez"
721099701922897920,2021,"complete","snake",19,7,"19.07",7,259,3,3,4171,"Josh Reynolds"
721099701922897920,2021,"complete","snake",19,8,"19.08",8,260,5,5,110,"Stephen Gostkowski"
721099701922897920,2021,"complete","snake",19,9,"19.09",9,261,8,8,829,"Andy Dalton"
721099701922897920,2021,"complete","snake",19,10,"19.10",10,262,1,1,7612,"Dee Eskridge"
721099701922897920,2021,"complete","snake",19,11,"19.11",11,263,9,9,6823,"Jacob Eason"
721099701922897920,2021,"complete","snake",19,12,"19.12",12,264,4,4,2583,"Tyrell Williams"
721099701922897920,2021,"complete","snake",19,13,"19.13",13,265,14,14,7045,"Joshua Kelley"
721099701922897920,2021,"complete","snake",19,14,"19.14",14,266,13,13,5432,"Cam Sims"
721099701922897920,2021,"complete","snake",20,1,"20.01",14,267,13,13,5001,"Dalton Schultz"
721099701922897920,2021,"complete","snake",20,2,"20.02",13,268,14,14,5199,"Byron Pringle"
721099701922897920,2021,"complete","snake",20,3,"20.03",12,269,4,4,4741,"Dan Arnold"
721099701922897920,2021,"complete","snake",20,4,"20.04",11,270,9,9,7603,"Shi Smith"
721099701922897920,2021,"complete","snake",20,5,"20.05",10,271,1,1,6059,"Travis Fulgham"
721099701922897920,2021,"complete","snake",20,6,"20.06",9,272,8,8,7539,"Gerrid Doaks"
721099701922897920,2021,"complete","snake",20,7,"20.07",8,273,5,5,6039,"Ty Johnson"
721099701922897920,2021,"complete","snake",20,8,"20.08",7,274,3,3,7535,"Hunter Long"
721099701922897920,2021,"complete","snake",20,9,"20.09",6,275,7,7,3678,"Wil Lutz"
721099701922897920,2021,"complete","snake",20,10,"20.10",5,276,12,12,6878,"Anthony McFarland"
721099701922897920,2021,"complete","snake",20,11,"20.11",4,277,6,6,7561,"Elijah Mitchell"
721099701922897920,2021,"complete","snake",20,12,"20.12",3,278,2,2,5122,"Boston Scott"
721099701922897920,2021,"complete","snake",20,13,"20.13",2,279,11,11,4622,"Keelan Cole"
721099701922897920,2021,"complete","snake",20,14,"20.14",1,280,10,10,616,"Jimmy Graham"
721099701922897920,2021,"complete","snake",21,1,"21.01",1,281,10,10,3328,"Rashard Higgins"
721099701922897920,2021,"complete","snake",21,2,"21.02",2,282,11,11,4351,"Tim Patrick"
721099701922897920,2021,"complete","snake",21,3,"21.03",3,283,2,2,7554,"Tre' McKitty"
721099701922897920,2021,"complete","snake",21,4,"21.04",4,284,6,6,7585,"Davis Mills"
721099701922897920,2021,"complete","snake",21,5,"21.05",5,285,12,12,49,"Robbie Gould"
721099701922897920,2021,"complete","snake",21,6,"21.06",6,286,7,7,6960,"Tyler Johnson"
721099701922897920,2021,"complete","snake",21,7,"21.07",7,287,3,3,7589,"Ian Book"
721099701922897920,2021,"complete","snake",21,8,"21.08",8,288,5,5,5010,"Will Dissly"
721099701922897920,2021,"complete","snake",21,9,"21.09",9,289,8,8,2460,"C.J. Uzomah"
721099701922897920,2021,"complete","snake",21,10,"21.10",10,290,1,1,2588,"Malcolm Brown"
721099701922897920,2021,"complete","snake",21,11,"21.11",11,291,9,9,6908,"La'Mical Perine"
721099701922897920,2021,"complete","snake",21,12,"21.12",12,292,4,4,5845,"Dwayne Haskins"
721099701922897920,2021,"complete","snake",21,13,"21.13",13,293,14,14,6219,"Austin Seibert"
721099701922897920,2021,"complete","snake",21,14,"21.14",14,294,13,13,59,"Mason Crosby"
721099701922897920,2021,"complete","snake",22,1,"22.01",14,295,13,13,4319,"Zach Pascal"
721099701922897920,2021,"complete","snake",22,2,"22.02",13,296,14,14,4054,"Mo Alie-Cox"
721099701922897920,2021,"complete","snake",22,3,"22.03",12,297,4,4,6973,"J.J. Taylor"
721099701922897920,2021,"complete","snake",22,4,"22.04",11,298,9,9,6290,"Scotty Miller"
721099701922897920,2021,"complete","snake",22,5,"22.05",10,299,1,1,1099,"Randy Bullock"
721099701922897920,2021,"complete","snake",22,6,"22.06",9,300,8,8,4038,"John Ross"
721099701922897920,2021,"complete","snake",22,7,"22.07",8,301,5,5,1386,"Giovani Bernard"
721099701922897920,2021,"complete","snake",22,8,"22.08",7,302,3,3,7713,"Jaelon Darden"
721099701922897920,2021,"complete","snake",22,9,"22.09",6,303,7,7,6528,"Joey Slye"
721099701922897920,2021,"complete","snake",22,10,"22.10",5,304,12,12,4147,"Samaje Perine"
721099701922897920,2021,"complete","snake",22,11,"22.11",4,305,6,6,3209,"Devontae Booker"
721099701922897920,2021,"complete","snake",22,12,"22.12",3,306,2,2,5007,"Keke Coutee"
721099701922897920,2021,"complete","snake",22,13,"22.13",2,307,11,11,7599,"Jermar Jefferson"
721099701922897920,2021,"complete","snake",22,14,"22.14",1,308,10,10,1833,"Damien Williams"
721099701922897920,2021,"complete","snake",23,1,"23.01",1,309,10,10,5024,"James Washington"
721099701922897920,2021,"complete","snake",23,2,"23.02",2,310,11,11,7694,"Tommy Tremble"
721099701922897920,2021,"complete","snake",23,3,"23.03",3,311,2,2,147,"DeSean Jackson"
721099701922897920,2021,"complete","snake",23,4,"23.04",4,312,6,6,6148,"Preston Williams"
721099701922897920,2021,"complete","snake",23,5,"23.05",5,313,12,12,7609,"Demetric Felton"
721099701922897920,2021,"complete","snake",23,6,"23.06",6,314,7,7,7608,"Khalil Herbert"
721099701922897920,2021,"complete","snake",23,7,"23.07",7,315,3,3,5068,"Kerryon Johnson"
721099701922897920,2021,"complete","snake",23,8,"23.08",8,316,5,5,6843,"Albert Okwuegbunam"
721099701922897920,2021,"complete","snake",23,9,"23.09",9,317,8,8,7559,"Ihmir Smith-Marsette"
721099701922897920,2021,"complete","snake",23,10,"23.10",10,318,1,1,6847,"Devin Duvernay"
721099701922897920,2021,"complete","snake",23,11,"23.11",11,319,9,9,7602,"Kylen Granson"
721099701922897920,2021,"complete","snake",23,12,"23.12",12,320,4,4,2673,"Damiere Byrd"
721099701922897920,2021,"complete","snake",23,13,"23.13",13,321,14,14,7812,"Simi Fehoko"
721099701922897920,2021,"complete","snake",23,14,"23.14",14,322,13,13,6906,"Antonio Gandy-Golden"
721099701922897920,2021,"complete","snake",24,1,"24.01",14,323,13,13,5131,"Justin Jackson"
721099701922897920,2021,"complete","snake",24,2,"24.02",13,324,14,14,7541,"Cornell Powell"
721099701922897920,2021,"complete","snake",24,3,"24.03",12,325,4,4,6002,"Qadree Ollison"
721099701922897920,2021,"complete","snake",24,4,"24.04",11,326,9,9,7537,"Jaret Patterson"
721099701922897920,2021,"complete","snake",24,5,"24.05",10,327,1,1,1535,"Cordarrelle Patterson"
721099701922897920,2021,"complete","snake",24,6,"24.06",9,328,8,8,5130,"Auden Tate"
721099701922897920,2021,"complete","snake",24,7,"24.07",8,329,5,5,943,"Kyle Rudolph"
721099701922897920,2021,"complete","snake",24,8,"24.08",7,330,3,3,4150,"Wayne Gallman"
721099701922897920,2021,"complete","snake",24,9,"24.09",6,331,7,7,1408,"Le'Veon Bell"
721099701922897920,2021,"complete","snake",24,10,"24.10",5,332,12,12,7703,"Jacob Harris"
721099701922897920,2021,"complete","snake",24,11,"24.11",4,333,6,6,2161,"Jerick McKinnon"
721099701922897920,2021,"complete","snake",24,12,"24.12",3,334,2,2,7088,"Xavier Jones"
721099701922897920,2021,"complete","snake",24,13,"24.13",2,335,11,11,7574,"Larry Rountree"
721099701922897920,2021,"complete","snake",24,14,"24.14",1,336,10,10,5911,"Jalen Hurd"
721099701922897920,2021,"complete","snake",25,1,"25.01",1,337,10,10,1706,"Jack Doyle"
721099701922897920,2021,"complete","snake",25,2,"25.02",2,338,11,11,7944,"Michael Strachan"
721099701922897920,2021,"complete","snake",25,3,"25.03",3,339,2,2,6989,"Marquez Callaway"
721099701922897920,2021,"complete","snake",25,4,"25.04",4,340,6,6,6001,"Drew Sample"
721099701922897920,2021,"complete","snake",25,5,"25.05",5,341,12,12,3286,"Demarcus Robinson"
721099701922897920,2021,"complete","snake",25,6,"25.06",6,342,7,7,1346,"Marquise Goodwin"
721099701922897920,2021,"complete","snake",25,7,"25.07",7,343,3,3,2346,"Devin Funchess"
721099701922897920,2021,"complete","snake",25,8,"25.08",8,344,5,5,6011,"Gardner Minshew"
721099701922897920,2021,"complete","snake",25,9,"25.09",9,345,8,8,7534,"Seth Williams"
721099701922897920,2021,"complete","snake",25,10,"25.10",10,346,1,1,6931,"DeeJay Dallas"
721099701922897920,2021,"complete","snake",25,11,"25.11",11,347,9,9,6074,"Donald Parham"
721099701922897920,2021,"complete","snake",25,12,"25.12",12,348,4,4,7560,"Pooka Williams"
721099701922897920,2021,"complete","snake",25,13,"25.13",13,349,14,14,5133,"Tyler Conklin"
721099701922897920,2021,"complete","snake",25,14,"25.14",14,350,13,13,642,"Golden Tate"
721099701922897920,2021,"complete","snake",26,1,"26.01",14,351,13,13,8042,"Chris Naggar"
721099701922897920,2021,"complete","snake",26,2,"26.02",13,352,14,14,2307,"Marcus Mariota"
721099701922897920,2021,"complete","snake",26,3,"26.03",12,353,4,4,5032,"Jordan Akins"
721099701922897920,2021,"complete","snake",26,4,"26.04",11,354,9,9,7604,"Tamorrion Terry"
721099701922897920,2021,"complete","snake",26,5,"26.05",10,355,1,1,2214,"Cameron Brate"
721099701922897920,2021,"complete","snake",26,6,"26.06",9,356,8,8,2257,"Carlos Hyde"
721099701922897920,2021,"complete","snake",26,7,"26.07",8,357,5,5,7572,"Kylin Hill"
721099701922897920,2021,"complete","snake",26,8,"26.08",7,358,3,14,6919,"Thaddeus Moss"
721099701922897920,2021,"complete","snake",26,9,"26.09",6,359,7,7,7583,"Sam Ehlinger"
721099701922897920,2021,"complete","snake",26,10,"26.10",5,360,12,12,5284,"Jeff Wilson"
721099701922897920,2021,"complete","snake",26,11,"26.11",4,361,6,6,4146,"Dede Westbrook"
721099701922897920,2021,"complete","snake",26,12,"26.12",3,362,2,2,2822,"Adam Humphries"
721099701922897920,2021,"complete","snake",26,13,"26.13",2,363,11,11,7529,"Gary Brightwell"
721099701922897920,2021,"complete","snake",26,14,"26.14",1,364,10,10,6063,"Tyron Billy-Johnson"
721099701922897920,2021,"complete","snake",27,1,"27.01",1,365,10,10,4274,"David Moore"
721099701922897920,2021,"complete","snake",27,2,"27.02",2,366,11,11,7597,"Kenny Yeboah"
721099701922897920,2021,"complete","snake",27,3,"27.03",3,367,2,2,2671,"Josh Lambo"
721099701922897920,2021,"complete","snake",27,4,"27.04",4,368,6,6,4455,"Matt Breida"
721099701922897920,2021,"complete","snake",27,5,"27.05",5,369,12,12,4421,"Jacob Hollister"
721099701922897920,2021,"complete","snake",27,6,"27.06",6,370,7,7,956,"Mark Ingram"
721099701922897920,2021,"complete","snake",27,7,"27.07",7,371,3,3,4995,"Ian Thomas"
721099701922897920,2021,"complete","snake",27,8,"27.08",8,372,5,5,7586,"Dazz Newsome"
721099701922897920,2021,"complete","snake",27,9,"27.09",9,373,8,8,6156,"Benny Snell"
721099701922897920,2021,"complete","snake",27,10,"27.10",10,374,1,1,7530,"Frank Darby"
721099701922897920,2021,"complete","snake",27,11,"27.11",11,375,9,9,574,"Dez Bryant"
721099701922897920,2021,"complete","snake",27,12,"27.12",12,376,4,4,7576,"Sage Surratt"
721099701922897920,2021,"complete","snake",27,13,"27.13",13,377,14,14,4994,"Kalen Ballage"
721099701922897920,2021,"complete","snake",27,14,"27.14",14,378,13,13,4949,"Derrius Guice"
721099701922897920,2021,"complete","snake",28,1,"28.01",14,379,13,13,7839,"Evan McPherson"
721099701922897920,2021,"complete","snake",28,2,"28.02",13,380,14,14,5323,"Equanimeous St. Brown"
721099701922897920,2021,"complete","snake",28,3,"28.03",12,381,4,4,6951,"Eno Benjamin"
721099701922897920,2021,"complete","snake",28,4,"28.04",11,382,9,9,3306,"Jordan Howard"
721099701922897920,2021,"complete","snake",28,5,"28.05",10,383,1,1,5965,"Miles Boykin"
721099701922897920,2021,"complete","snake",28,6,"28.06",9,384,8,8,7556,"Marquez Stevenson"
721099701922897920,2021,"complete","snake",28,7,"28.07",8,385,5,5,7720,"Kene Nwangwu"
721099701922897920,2021,"complete","snake",28,8,"28.08",7,386,3,3,3342,"Jakeem Grant"
721099701922897920,2021,"complete","snake",28,9,"28.09",6,387,7,7,5915,"Andy Isabella"
721099701922897920,2021,"complete","snake",28,10,"28.10",5,388,12,12,7531,"Feleipe Franks"
721099701922897920,2021,"complete","snake",28,11,"28.11",4,389,6,6,6083,"Matt Gay"
721099701922897920,2021,"complete","snake",28,12,"28.12",3,390,2,2,7546,"Tre Nixon"
721099701922897920,2021,"complete","snake",28,13,"28.13",2,391,11,11,6857,"Collin Johnson"
721099701922897920,2021,"complete","snake",28,14,"28.14",1,392,10,10,1388,"Tyler Eifert"
721099701922897920,2021,"complete","snake",29,1,"29.01",1,393,10,10,6146,"Kaden Smith"
721099701922897920,2021,"complete","snake",29,2,"29.02",2,394,11,11,7066,"K.J. Osborn"
721099701922897920,2021,"complete","snake",29,3,"29.03",3,395,2,2,7741,"Caleb Huntley"
721099701922897920,2021,"complete","snake",29,4,"29.04",4,396,6,6,2168,"Devonta Freeman"
721099701922897920,2021,"complete","snake",29,5,"29.05",5,397,12,12,5310,"Antonio Callaway"
721099701922897920,2021,"complete","snake",29,6,"29.06",6,398,7,7,1111,"Andrew Luck"
721099701922897920,2021,"complete","snake",29,7,"29.07",7,399,3,3,6926,"Brycen Hopkins"
721099701922897920,2021,"complete","snake",29,8,"29.08",8,400,5,5,6723,"Vincent Testaverde"
721099701922897920,2021,"complete","snake",29,9,"29.09",9,401,8,8,5962,"KeeSean Johnson"
721099701922897920,2021,"complete","snake",29,10,"29.10",10,402,1,1,6744,"Greg Ward"
721099701922897920,2021,"complete","snake",29,11,"29.11",11,403,9,9,1793,"Trey Burton"
721099701922897920,2021,"complete","snake",29,12,"29.12",12,404,4,4,5272,"Greg Joseph"
721099701922897920,2021,"complete","snake",29,13,"29.13",13,405,14,14,6234,"Deonte Harty"
721099701922897920,2021,"complete","snake",29,14,"29.14",14,406,13,13,3257,"Jacoby Brissett"
721099701922897920,2021,"complete","snake",30,1,"30.01",14,407,13,13,7549,"CJ Marable"
721099701922897920,2021,"complete","snake",30,2,"30.02",13,408,14,14,5285,"Ross Dwelley"
721099701922897920,2021,"complete","snake",30,3,"30.03",12,409,4,4,5974,"Trace McSorley"
721099701922897920,2021,"complete","snake",30,4,"30.04",11,410,9,9,1592,"Darren Fells"
721099701922897920,2021,"complete","snake",30,5,"30.05",10,411,1,1,4651,"Corey Clement"
721099701922897920,2021,"complete","snake",30,6,"30.06",9,412,8,8,7757,"Ben Skowronek"
721099701922897920,2021,"complete","snake",30,7,"30.07",8,413,5,5,7752,"Kawaan Baker"
721099701922897920,2021,"complete","snake",30,8,"30.08",7,414,3,3,5995,"Justice Hill"
721099701922897920,2021,"complete","snake",30,9,"30.09",6,415,7,7,331,"Philip Rivers"
721099701922897920,2021,"complete","snake",30,10,"30.10",5,416,12,12,3976,"Mitchell Trubisky"
721099701922897920,2021,"complete","snake",30,11,"30.11",4,417,6,6,3868,"Jalen Richard"
721099701922897920,2021,"complete","snake",30,12,"30.12",3,418,2,2,5806,"John Wolford"
721099701922897920,2021,"complete","snake",30,13,"30.13",2,419,11,11,5985,"Foster Moreau"
721099701922897920,2021,"complete","snake",30,14,"30.14",1,420,10,10,1979,"Blake Bortles"
721099701922897920,2021,"complete","snake",31,1,"31.01",1,421,10,10,184,"Adrian Peterson"
721099701922897920,2021,"complete","snake",31,2,"31.02",2,422,11,11,7793,"Racey McMath"
721099701922897920,2021,"complete","snake",31,3,"31.03",3,423,2,2,5137,"Richie James"
721099701922897920,2021,"complete","snake",31,4,"31.04",4,424,6,6,503,"Graham Gano"
721099701922897920,2021,"complete","snake",31,5,"31.05",5,425,12,12,7579,"Austin Watkins"
721099701922897920,2021,"complete","snake",31,6,"31.06",6,426,7,7,1911,"Willie Snead"
721099701922897920,2021,"complete","snake",31,7,"31.07",7,427,3,3,7086,"John Hightower"
721099701922897920,2021,"complete","snake",31,8,"31.08",8,428,5,5,6996,"JaMycal Hasty"
721099701922897920,2021,"complete","snake",31,9,"31.09",9,429,8,8,6012,"Travis Homer"
721099701922897920,2021,"complete","snake",31,10,"31.10",10,430,1,1,7536,"Quintin Morris"
721099701922897920,2021,"complete","snake",31,11,"31.11",11,431,9,9,2382,"Duke Johnson"
721099701922897920,2021,"complete","snake",31,12,"31.12",12,432,4,4,1029,"Nick Foles"
721099701922897920,2021,"complete","snake",31,13,"31.13",13,433,14,14,4187,"Brian Hill"
721099701922897920,2021,"complete","snake",31,14,"31.14",14,434,13,13,7943,"Zach Davidson"
721099701922897920,2021,"complete","snake",32,1,"32.01",14,435,13,13,8077,"Otis Anderson"
721099701922897920,2021,"complete","snake",32,2,"32.02",13,436,14,14,2381,"Chris Conley"
721099701922897920,2021,"complete","snake",32,3,"32.03",12,437,4,4,7002,"Juwan Johnson"
721099701922897920,2021,"complete","snake",32,4,"32.04",11,438,9,9,6402,"Steven Sims"
721099701922897920,2021,"complete","snake",32,5,"32.05",10,439,1,1,17,"Matt Prater"
721099701922897920,2021,"complete","snake",32,6,"32.06",9,440,8,8,1974,"Cody Parkey"
721099701922897920,2021,"complete","snake",32,7,"32.07",8,441,5,5,660,"Peyton Hillis"
721099701922897920,2021,"complete","snake",32,8,"32.08",7,442,3,3,2390,"Tyler Kroft"
721099701922897920,2021,"complete","snake",32,9,"32.09",6,443,7,7,3594,"Peyton Barber"
721099701922897920,2021,"complete","snake",32,10,"32.10",5,444,12,12,5773,"KhaDarel Hodge"
721099701922897920,2021,"complete","snake",32,11,"32.11",4,445,6,6,5209,"Mike Boone"
721099701922897920,2021,"complete","snake",32,12,"32.12",3,446,2,2,5113,"Cedrick Wilson"
721099701922897920,2021,"complete","snake",32,13,"32.13",2,447,11,11,2463,"Jesse James"
721099701922897920,2021,"complete","snake",32,14,"32.14",1,448,10,10,491,"Danny Amendola"
801713921697349632,2022,"complete","snake",1,1,"1.01",1,1,10,10,4070,"T.J. Watt"
801713921697349632,2022,"complete","snake",1,1,"1.01",1,113,10,10,4070,"T.J. Watt"
801713921697349632,2022,"complete","snake",1,2,"1.02",2,2,11,11,4990,"Shaquille Leonard"
801713921697349632,2022,"complete","snake",1,2,"1.02",2,114,11,11,4990,"Shaquille Leonard"
801713921697349632,2022,"complete","snake",1,3,"1.03",3,3,2,1,7640,"Micah Parsons"
801713921697349632,2022,"complete","snake",1,3,"1.03",3,115,2,1,7640,"Micah Parsons"
801713921697349632,2022,"complete","snake",1,4,"1.04",4,4,6,6,4960,"Roquan Smith"
801713921697349632,2022,"complete","snake",1,4,"1.04",4,116,6,6,4960,"Roquan Smith"
801713921697349632,2022,"complete","snake",1,5,"1.05",5,5,12,12,3973,"Myles Garrett"
801713921697349632,2022,"complete","snake",1,5,"1.05",5,117,12,12,3973,"Myles Garrett"
801713921697349632,2022,"complete","snake",1,6,"1.06",6,6,7,7,6119,"Devin White"
801713921697349632,2022,"complete","snake",1,6,"1.06",6,118,7,7,6119,"Devin White"
801713921697349632,2022,"complete","snake",1,7,"1.07",7,7,3,3,4971,"Derwin James"
801713921697349632,2022,"complete","snake",1,7,"1.07",7,119,3,3,4971,"Derwin James"
801713921697349632,2022,"complete","snake",1,8,"1.08",8,8,5,5,5041,"Fred Warner"
801713921697349632,2022,"complete","snake",1,8,"1.08",8,120,5,5,5041,"Fred Warner"
801713921697349632,2022,"complete","snake",1,9,"1.09",9,9,8,8,6949,"Jordyn Brooks"
801713921697349632,2022,"complete","snake",1,9,"1.09",9,121,8,8,6949,"Jordyn Brooks"
801713921697349632,2022,"complete","snake",1,10,"1.10",10,10,1,2,5816,"Nick Bosa"
801713921697349632,2022,"complete","snake",1,10,"1.10",10,122,1,2,5816,"Nick Bosa"
801713921697349632,2022,"complete","snake",1,11,"1.11",11,11,9,9,3156,"Joey Bosa"
801713921697349632,2022,"complete","snake",1,11,"1.11",11,123,9,9,3156,"Joey Bosa"
801713921697349632,2022,"complete","snake",1,12,"1.12",12,12,4,4,6781,"Isaiah Simmons"
801713921697349632,2022,"complete","snake",1,12,"1.12",12,124,4,4,6781,"Isaiah Simmons"
801713921697349632,2022,"complete","snake",1,13,"1.13",13,13,14,14,5332,"Foyesade Oluokun"
801713921697349632,2022,"complete","snake",1,13,"1.13",13,125,14,14,5332,"Foyesade Oluokun"
801713921697349632,2022,"complete","snake",1,14,"1.14",14,14,13,13,2227,"Aaron Donald"
801713921697349632,2022,"complete","snake",1,14,"1.14",14,126,13,13,2227,"Aaron Donald"
801713921697349632,2022,"complete","snake",2,1,"2.01",14,15,13,13,7651,"Jeremiah Owusu-Koramoah"
801713921697349632,2022,"complete","snake",2,1,"2.01",14,127,13,13,7651,"Jeremiah Owusu-Koramoah"
801713921697349632,2022,"complete","snake",2,2,"2.02",13,16,14,14,4081,"Budda Baker"
801713921697349632,2022,"complete","snake",2,2,"2.02",13,128,14,14,4081,"Budda Baker"
801713921697349632,2022,"complete","snake",2,3,"2.03",12,17,4,4,4963,"Minkah Fitzpatrick"
801713921697349632,2022,"complete","snake",2,3,"2.03",12,129,4,4,4963,"Minkah Fitzpatrick"
801713921697349632,2022,"complete","snake",2,4,"2.04",11,18,9,9,3291,"Blake Martinez"
801713921697349632,2022,"complete","snake",2,4,"2.04",11,130,9,9,3291,"Blake Martinez"
801713921697349632,2022,"complete","snake",2,5,"2.05",10,19,1,1,7016,"Jeremy Chinn"
801713921697349632,2022,"complete","snake",2,5,"2.05",10,131,1,1,7016,"Jeremy Chinn"
801713921697349632,2022,"complete","snake",2,6,"2.06",9,20,8,8,6888,"Antoine Winfield"
801713921697349632,2022,"complete","snake",2,6,"2.06",9,132,8,8,6888,"Antoine Winfield"
801713921697349632,2022,"complete","snake",2,7,"2.07",8,21,5,5,1233,"Bobby Wagner"
801713921697349632,2022,"complete","snake",2,7,"2.07",8,133,5,5,1233,"Bobby Wagner"
801713921697349632,2022,"complete","snake",2,8,"2.08",7,22,3,3,5991,"Maxx Crosby"
801713921697349632,2022,"complete","snake",2,8,"2.08",7,134,3,3,5991,"Maxx Crosby"
801713921697349632,2022,"complete","snake",2,9,"2.09",6,23,7,7,5862,"Brian Burns"
801713921697349632,2022,"complete","snake",2,9,"2.09",6,135,7,7,5862,"Brian Burns"
801713921697349632,2022,"complete","snake",2,10,"2.10",5,24,12,12,4077,"Jamal Adams"
801713921697349632,2022,"complete","snake",2,10,"2.10",5,136,12,12,4077,"Jamal Adams"
801713921697349632,2022,"complete","snake",2,11,"2.11",4,25,6,6,6782,"Chase Young"
801713921697349632,2022,"complete","snake",2,11,"2.11",4,137,6,6,6782,"Chase Young"
801713921697349632,2022,"complete","snake",2,12,"2.12",3,26,2,2,5017,"Jessie Bates"
801713921697349632,2022,"complete","snake",2,12,"2.12",3,138,2,2,5017,"Jessie Bates"
801713921697349632,2022,"complete","snake",2,13,"2.13",2,27,11,11,6809,"Trevon Diggs"
801713921697349632,2022,"complete","snake",2,13,"2.13",2,139,11,11,6809,"Trevon Diggs"
801713921697349632,2022,"complete","snake",2,14,"2.14",1,28,10,10,4964,"Denzel Ward"
801713921697349632,2022,"complete","snake",2,14,"2.14",1,140,10,10,4964,"Denzel Ward"
801713921697349632,2022,"complete","snake",3,1,"3.01",1,29,10,10,843,"Cameron Heyward"
801713921697349632,2022,"complete","snake",3,1,"3.01",1,141,10,10,843,"Cameron Heyward"
801713921697349632,2022,"complete","snake",3,2,"3.02",2,30,11,11,3172,"DeForest Buckner"
801713921697349632,2022,"complete","snake",3,2,"3.02",2,142,11,11,3172,"DeForest Buckner"
801713921697349632,2022,"complete","snake",3,3,"3.03",3,31,2,2,6807,"Patrick Queen"
801713921697349632,2022,"complete","snake",3,3,"3.03",3,143,2,2,6807,"Patrick Queen"
801713921697349632,2022,"complete","snake",3,4,"3.04",4,32,6,6,7641,"Pat Surtain"
801713921697349632,2022,"complete","snake",3,4,"3.04",4,144,6,6,7641,"Pat Surtain"
801713921697349632,2022,"complete","snake",3,5,"3.05",5,33,12,12,1875,"C.J. Mosley"
801713921697349632,2022,"complete","snake",3,5,"3.05",5,145,12,12,1875,"C.J. Mosley"
801713921697349632,2022,"complete","snake",3,6,"3.06",6,34,7,5,5840,"Josh Hines-Allen"
801713921697349632,2022,"complete","snake",3,6,"3.06",6,146,7,5,5840,"Josh Hines-Allen"
801713921697349632,2022,"complete","snake",3,7,"3.07",7,35,3,3,7648,"Nick Bolton"
801713921697349632,2022,"complete","snake",3,7,"3.07",7,147,3,3,7648,"Nick Bolton"
801713921697349632,2022,"complete","snake",3,8,"3.08",8,36,5,7,3222,"Deion Jones"
801713921697349632,2022,"complete","snake",3,8,"3.08",8,148,5,7,3222,"Deion Jones"
801713921697349632,2022,"complete","snake",3,9,"3.09",9,37,8,8,6880,"Logan Wilson"
801713921697349632,2022,"complete","snake",3,9,"3.09",9,149,8,8,6880,"Logan Wilson"
801713921697349632,2022,"complete","snake",3,10,"3.10",10,38,1,1,4968,"Tremaine Edmunds"
801713921697349632,2022,"complete","snake",3,10,"3.10",10,150,1,1,4968,"Tremaine Edmunds"
801713921697349632,2022,"complete","snake",3,11,"3.11",11,39,9,9,3262,"Justin Simmons"
801713921697349632,2022,"complete","snake",3,11,"3.11",11,151,9,9,3262,"Justin Simmons"
801713921697349632,2022,"complete","snake",3,12,"3.12",12,40,4,4,2393,"Danielle Hunter"
801713921697349632,2022,"complete","snake",3,12,"3.12",12,152,4,4,2393,"Danielle Hunter"
801713921697349632,2022,"complete","snake",3,13,"3.13",13,41,14,14,5015,"Sam Hubbard"
801713921697349632,2022,"complete","snake",3,13,"3.13",13,153,14,14,5015,"Sam Hubbard"
801713921697349632,2022,"complete","snake",3,14,"3.14",14,42,13,13,1343,"Jordan Poyer"
801713921697349632,2022,"complete","snake",3,14,"3.14",14,154,13,13,1343,"Jordan Poyer"
801713921697349632,2022,"complete","snake",4,1,"4.01",14,43,13,13,2036,"Khalil Mack"
801713921697349632,2022,"complete","snake",4,1,"4.01",14,155,13,13,2036,"Khalil Mack"
801713921697349632,2022,"complete","snake",4,2,"4.02",13,44,14,14,2350,"Eric Kendricks"
801713921697349632,2022,"complete","snake",4,2,"4.02",13,156,14,14,2350,"Eric Kendricks"
801713921697349632,2022,"complete","snake",4,3,"4.03",12,45,4,4,1999,"Shaquil Barrett"
801713921697349632,2022,"complete","snake",4,3,"4.03",12,157,4,4,1999,"Shaquil Barrett"
801713921697349632,2022,"complete","snake",4,4,"4.04",11,46,9,9,3276,"De'Vondre Campbell"
801713921697349632,2022,"complete","snake",4,4,"4.04",11,158,9,9,3276,"De'Vondre Campbell"
801713921697349632,2022,"complete","snake",4,5,"4.05",10,47,1,1,4063,"Haason Reddick"
801713921697349632,2022,"complete","snake",4,5,"4.05",10,159,1,1,4063,"Haason Reddick"
801713921697349632,2022,"complete","snake",4,6,"4.06",9,48,8,8,7627,"Greg Rousseau"
801713921697349632,2022,"complete","snake",4,6,"4.06",9,160,8,8,7627,"Greg Rousseau"
801713921697349632,2022,"complete","snake",4,7,"4.07",8,49,5,5,6788,"Xavier McKinney"
801713921697349632,2022,"complete","snake",4,7,"4.07",8,161,5,5,6788,"Xavier McKinney"
801713921697349632,2022,"complete","snake",4,8,"4.08",7,50,3,3,6220,"Cole Holcomb"
801713921697349632,2022,"complete","snake",4,8,"4.08",7,162,3,3,6220,"Cole Holcomb"
801713921697349632,2022,"complete","snake",4,9,"4.09",6,51,7,7,3160,"Jalen Ramsey"
801713921697349632,2022,"complete","snake",4,9,"4.09",6,163,7,7,3160,"Jalen Ramsey"
801713921697349632,2022,"complete","snake",4,10,"4.10",5,52,12,12,4110,"Zach Cunningham"
801713921697349632,2022,"complete","snake",4,10,"4.10",5,164,12,12,4110,"Zach Cunningham"
801713921697349632,2022,"complete","snake",4,11,"4.11",4,53,6,6,4135,"Trey Hendrickson"
801713921697349632,2022,"complete","snake",4,11,"4.11",4,165,6,6,4135,"Trey Hendrickson"
801713921697349632,2022,"complete","snake",4,12,"4.12",3,54,2,2,5944,"Bobby Okereke"
801713921697349632,2022,"complete","snake",4,12,"4.12",3,166,2,2,5944,"Bobby Okereke"
801713921697349632,2022,"complete","snake",4,13,"4.13",2,55,11,11,3233,"Kevin Byard"
801713921697349632,2022,"complete","snake",4,13,"4.13",2,167,11,11,3233,"Kevin Byard"
801713921697349632,2022,"complete","snake",4,14,"4.14",1,56,10,10,1576,"Tyrann Mathieu"
801713921697349632,2022,"complete","snake",4,14,"4.14",1,168,10,10,1576,"Tyrann Mathieu"
801713921697349632,2022,"complete","snake",5,1,"5.01",1,57,10,10,1192,"Lavonte David"
801713921697349632,2022,"complete","snake",5,1,"5.01",1,169,10,10,1192,"Lavonte David"
801713921697349632,2022,"complete","snake",5,2,"5.02",2,58,11,11,5030,"Harold Landry"
801713921697349632,2022,"complete","snake",5,2,"5.02",2,170,11,11,5030,"Harold Landry"
801713921697349632,2022,"complete","snake",5,3,"5.03",3,59,2,2,4427,"Kenny Moore"
801713921697349632,2022,"complete","snake",5,3,"5.03",3,171,2,2,4427,"Kenny Moore"
801713921697349632,2022,"complete","snake",5,4,"5.04",4,60,6,6,6872,"Kyle Dugger"
801713921697349632,2022,"complete","snake",5,4,"5.04",4,172,6,6,6872,"Kyle Dugger"
801713921697349632,2022,"complete","snake",5,5,"5.05",5,61,12,12,3166,"Myles Jack"
801713921697349632,2022,"complete","snake",5,5,"5.05",5,173,12,12,3166,"Myles Jack"
801713921697349632,2022,"complete","snake",5,6,"5.06",6,62,7,7,6124,"Montez Sweat"
801713921697349632,2022,"complete","snake",5,6,"5.06",6,174,7,7,6124,"Montez Sweat"
801713921697349632,2022,"complete","snake",5,7,"5.07",7,63,3,3,7666,"Jevon Holland"
801713921697349632,2022,"complete","snake",5,7,"5.07",7,175,3,3,7666,"Jevon Holland"
801713921697349632,2022,"complete","snake",5,8,"5.08",8,64,5,5,4967,"Bradley Chubb"
801713921697349632,2022,"complete","snake",5,8,"5.08",8,176,5,5,4967,"Bradley Chubb"
801713921697349632,2022,"complete","snake",5,9,"5.09",9,65,8,8,4071,"Marlon Humphrey"
801713921697349632,2022,"complete","snake",5,9,"5.09",9,177,8,8,4071,"Marlon Humphrey"
801713921697349632,2022,"complete","snake",5,10,"5.10",10,66,1,1,957,"Cameron Jordan"
801713921697349632,2022,"complete","snake",5,10,"5.10",10,178,1,1,957,"Cameron Jordan"
801713921697349632,2022,"complete","snake",5,11,"5.11",11,67,9,9,2311,"Leonard Williams"
801713921697349632,2022,"complete","snake",5,11,"5.11",11,179,9,9,2311,"Leonard Williams"
801713921697349632,2022,"complete","snake",5,12,"5.12",12,68,4,4,3230,"Vonn Bell"
801713921697349632,2022,"complete","snake",5,12,"5.12",12,180,4,4,3230,"Vonn Bell"
801713921697349632,2022,"complete","snake",5,13,"5.13",13,69,14,14,6711,"Jalen Thompson"
801713921697349632,2022,"complete","snake",5,13,"5.13",13,181,14,14,6711,"Jalen Thompson"
801713921697349632,2022,"complete","snake",5,14,"5.14",14,70,13,13,6125,"Jeffery Simmons"
801713921697349632,2022,"complete","snake",5,14,"5.14",14,182,13,13,6125,"Jeffery Simmons"
801713921697349632,2022,"complete","snake",6,1,"6.01",14,71,13,13,6836,"A.J. Terrell"
801713921697349632,2022,"complete","snake",6,1,"6.01",14,183,13,13,6836,"A.J. Terrell"
801713921697349632,2022,"complete","snake",6,2,"6.02",13,72,14,14,3303,"Matthew Judon"
801713921697349632,2022,"complete","snake",6,2,"6.02",13,184,14,14,3303,"Matthew Judon"
801713921697349632,2022,"complete","snake",6,3,"6.03",12,73,4,1,5193,"J.C. Jackson"
801713921697349632,2022,"complete","snake",6,3,"6.03",12,185,4,1,5193,"J.C. Jackson"
801713921697349632,2022,"complete","snake",6,4,"6.04",11,74,9,9,5056,"Jerome Baker"
801713921697349632,2022,"complete","snake",6,4,"6.04",11,186,9,9,5056,"Jerome Baker"
801713921697349632,2022,"complete","snake",6,5,"6.05",10,75,1,4,5348,"Kyzir White"
801713921697349632,2022,"complete","snake",6,5,"6.05",10,187,1,4,5348,"Kyzir White"
801713921697349632,2022,"complete","snake",6,6,"6.06",9,76,8,8,7635,"Jaelan Phillips"
801713921697349632,2022,"complete","snake",6,6,"6.06",9,188,8,8,7635,"Jaelan Phillips"
801713921697349632,2022,"complete","snake",6,7,"6.07",8,77,5,7,5839,"Rashan Gary"
801713921697349632,2022,"complete","snake",6,7,"6.07",8,189,5,7,5839,"Rashan Gary"
801713921697349632,2022,"complete","snake",6,8,"6.08",7,78,3,3,3238,"Yannick Ngakoue"
801713921697349632,2022,"complete","snake",6,8,"6.08",7,190,3,3,3238,"Yannick Ngakoue"
801713921697349632,2022,"complete","snake",6,9,"6.09",6,79,7,5,4133,"John Johnson"
801713921697349632,2022,"complete","snake",6,9,"6.09",6,191,7,5,4133,"John Johnson"
801713921697349632,2022,"complete","snake",6,10,"6.10",5,80,12,12,4059,"Marshon Lattimore"
801713921697349632,2022,"complete","snake",6,10,"6.10",5,192,12,12,4059,"Marshon Lattimore"
801713921697349632,2022,"complete","snake",6,11,"6.11",4,81,6,6,7633,"Kwity Paye"
801713921697349632,2022,"complete","snake",6,11,"6.11",4,193,6,6,7633,"Kwity Paye"
801713921697349632,2022,"complete","snake",6,12,"6.12",3,82,2,2,5860,"Johnathan Abram"
801713921697349632,2022,"complete","snake",6,12,"6.12",3,194,2,2,5860,"Johnathan Abram"
801713921697349632,2022,"complete","snake",6,13,"6.13",2,83,11,11,2064,"DeMarcus Lawrence"
801713921697349632,2022,"complete","snake",6,13,"6.13",2,195,11,11,2064,"DeMarcus Lawrence"
801713921697349632,2022,"complete","snake",6,14,"6.14",1,84,10,10,4965,"Marcus Davenport"
801713921697349632,2022,"complete","snake",6,14,"6.14",1,196,10,10,4965,"Marcus Davenport"
801713921697349632,2022,"complete","snake",7,1,"7.01",1,85,10,10,1947,"Jadeveon Clowney"
801713921697349632,2022,"complete","snake",7,1,"7.01",1,197,10,10,1947,"Jadeveon Clowney"
801713921697349632,2022,"complete","snake",7,2,"7.02",2,86,11,11,871,"Von Miller"
801713921697349632,2022,"complete","snake",7,2,"7.02",2,198,11,11,871,"Von Miller"
801713921697349632,2022,"complete","snake",7,3,"7.03",3,87,2,2,2427,"Za'Darius Smith"
801713921697349632,2022,"complete","snake",7,3,"7.03",3,199,2,2,2427,"Za'Darius Smith"
801713921697349632,2022,"complete","snake",7,4,"7.04",4,88,6,6,7626,"Odafe Oweh"
801713921697349632,2022,"complete","snake",7,4,"7.04",4,200,6,6,7626,"Odafe Oweh"
801713921697349632,2022,"complete","snake",7,5,"7.05",5,89,12,12,3558,"Chris Jones"
801713921697349632,2022,"complete","snake",7,5,"7.05",5,201,12,12,3558,"Chris Jones"
801713921697349632,2022,"complete","snake",7,6,"7.06",6,90,7,7,7642,"Jaycee Horn"
801713921697349632,2022,"complete","snake",7,6,"7.06",6,202,7,7,7642,"Jaycee Horn"
801713921697349632,2022,"complete","snake",7,7,"7.07",7,91,3,3,5882,"Taylor Rapp"
801713921697349632,2022,"complete","snake",7,7,"7.07",7,203,3,3,5882,"Taylor Rapp"
801713921697349632,2022,"complete","snake",7,8,"7.08",8,92,5,5,1367,"Logan Ryan"
801713921697349632,2022,"complete","snake",7,8,"7.08",8,204,5,5,1367,"Logan Ryan"
801713921697349632,2022,"complete","snake",7,9,"7.09",9,93,8,8,6118,"Quinnen Williams"
801713921697349632,2022,"complete","snake",7,9,"7.09",9,205,8,8,6118,"Quinnen Williams"
801713921697349632,2022,"complete","snake",7,10,"7.10",10,94,1,4,6214,"Quincy Williams"
801713921697349632,2022,"complete","snake",7,10,"7.10",10,206,1,4,6214,"Quincy Williams"
801713921697349632,2022,"complete","snake",7,11,"7.11",11,95,9,9,1213,"Harrison Smith"
801713921697349632,2022,"complete","snake",7,11,"7.11",11,207,9,9,1213,"Harrison Smith"
801713921697349632,2022,"complete","snake",7,12,"7.12",12,96,4,4,3174,"Leonard Floyd"
801713921697349632,2022,"complete","snake",7,12,"7.12",12,208,4,4,3174,"Leonard Floyd"
801713921697349632,2022,"complete","snake",7,13,"7.13",13,97,14,14,2330,"Shaq Thompson"
801713921697349632,2022,"complete","snake",7,13,"7.13",13,209,14,14,2330,"Shaq Thompson"
801713921697349632,2022,"complete","snake",7,14,"7.14",14,98,13,13,7637,"Zaven Collins"
801713921697349632,2022,"complete","snake",7,14,"7.14",14,210,13,13,7637,"Zaven Collins"
801713921697349632,2022,"complete","snake",8,1,"8.01",14,99,13,13,4158,"Eddie Jackson"
801713921697349632,2022,"complete","snake",8,1,"8.01",14,211,13,13,4158,"Eddie Jackson"
801713921697349632,2022,"complete","snake",8,2,"8.02",13,100,14,14,7136,"Kam Curl"
801713921697349632,2022,"complete","snake",8,2,"8.02",13,212,14,14,7136,"Kam Curl"
801713921697349632,2022,"complete","snake",8,3,"8.03",12,101,4,4,5843,"Devin Bush"
801713921697349632,2022,"complete","snake",8,3,"8.03",12,213,4,4,5843,"Devin Bush"
801713921697349632,2022,"complete","snake",8,4,"8.04",11,102,9,9,2338,"Landon Collins"
801713921697349632,2022,"complete","snake",8,4,"8.04",11,214,9,9,2338,"Landon Collins"
801713921697349632,2022,"complete","snake",8,5,"8.05",10,103,1,1,2389,"Jordan Hicks"
801713921697349632,2022,"complete","snake",8,5,"8.05",10,215,1,1,2389,"Jordan Hicks"
801713921697349632,2022,"complete","snake",8,6,"8.06",9,104,8,8,7653,"Azeez Ojulari"
801713921697349632,2022,"complete","snake",8,6,"8.06",9,216,8,8,7653,"Azeez Ojulari"
801713921697349632,2022,"complete","snake",8,7,"8.07",8,105,5,5,6968,"Jordan Fuller"
801713921697349632,2022,"complete","snake",8,7,"8.07",8,217,5,5,6968,"Jordan Fuller"
801713921697349632,2022,"complete","snake",8,8,"8.08",7,106,3,3,7113,"Alex Highsmith"
801713921697349632,2022,"complete","snake",8,8,"8.08",7,218,3,3,7113,"Alex Highsmith"
801713921697349632,2022,"complete","snake",8,9,"8.09",6,107,7,7,6785,"Jeff Okudah"
801713921697349632,2022,"complete","snake",8,9,"8.09",6,219,7,7,6785,"Jeff Okudah"
801713921697349632,2022,"complete","snake",8,10,"8.10",5,108,12,12,6799,"Grant Delpit"
801713921697349632,2022,"complete","snake",8,10,"8.10",5,220,12,12,6799,"Grant Delpit"
801713921697349632,2022,"complete","snake",8,11,"8.11",4,109,6,6,4056,"Jabrill Peppers"
801713921697349632,2022,"complete","snake",8,11,"8.11",4,221,6,6,4056,"Jabrill Peppers"
801713921697349632,2022,"complete","snake",8,12,"8.12",3,110,2,2,6120,"Christian Wilkins"
801713921697349632,2022,"complete","snake",8,12,"8.12",3,222,2,2,6120,"Christian Wilkins"
801713921697349632,2022,"complete","snake",8,13,"8.13",2,111,11,11,6152,"Khari Willis"
801713921697349632,2022,"complete","snake",8,13,"8.13",2,223,11,11,6152,"Khari Willis"
801713921697349632,2022,"complete","snake",8,14,"8.14",1,112,10,10,2130,"Kyle Van Noy"
801713921697349632,2022,"complete","snake",8,14,"8.14",1,224,10,10,2130,"Kyle Van Noy"
833952111766130560,2022,"complete","snake",1,1,"1.01",1,1,14,1,8155,"Breece Hall"
833952111766130560,2022,"complete","snake",1,1,"1.01",1,57,14,1,8155,"Breece Hall"
833952111766130560,2022,"complete","snake",1,2,"1.02",2,2,10,10,8151,"Kenneth Walker"
833952111766130560,2022,"complete","snake",1,2,"1.02",2,58,10,10,8151,"Kenneth Walker"
833952111766130560,2022,"complete","snake",1,3,"1.03",3,3,3,3,8135,"Treylon Burks"
833952111766130560,2022,"complete","snake",1,3,"1.03",3,59,3,3,8135,"Treylon Burks"
833952111766130560,2022,"complete","snake",1,4,"1.04",4,4,12,12,8146,"Garrett Wilson"
833952111766130560,2022,"complete","snake",1,4,"1.04",4,60,12,12,8146,"Garrett Wilson"
833952111766130560,2022,"complete","snake",1,5,"1.05",5,5,8,14,8112,"Drake London"
833952111766130560,2022,"complete","snake",1,5,"1.05",5,61,8,14,8112,"Drake London"
833952111766130560,2022,"complete","snake",1,6,"1.06",6,6,1,12,8138,"James Cook"
833952111766130560,2022,"complete","snake",1,6,"1.06",6,62,1,12,8138,"James Cook"
833952111766130560,2022,"complete","snake",1,7,"1.07",7,7,5,10,8144,"Chris Olave"
833952111766130560,2022,"complete","snake",1,7,"1.07",7,63,5,10,8144,"Chris Olave"
833952111766130560,2022,"complete","snake",1,8,"1.08",8,8,4,11,8168,"Skyy Moore"
833952111766130560,2022,"complete","snake",1,8,"1.08",8,64,4,11,8168,"Skyy Moore"
833952111766130560,2022,"complete","snake",1,9,"1.09",9,9,11,4,8137,"George Pickens"
833952111766130560,2022,"complete","snake",1,9,"1.09",9,65,11,4,8137,"George Pickens"
833952111766130560,2022,"complete","snake",1,10,"1.10",10,10,7,4,8119,"Jahan Dotson"
833952111766130560,2022,"complete","snake",1,10,"1.10",10,66,7,4,8119,"Jahan Dotson"
833952111766130560,2022,"complete","snake",1,11,"1.11",11,11,9,9,8129,"Dameon Pierce"
833952111766130560,2022,"complete","snake",1,11,"1.11",11,67,9,9,8129,"Dameon Pierce"
833952111766130560,2022,"complete","snake",1,12,"1.12",12,12,2,3,8136,"Rachaad White"
833952111766130560,2022,"complete","snake",1,12,"1.12",12,68,2,3,8136,"Rachaad White"
833952111766130560,2022,"complete","snake",1,13,"1.13",13,13,13,13,8160,"Kenny Pickett"
833952111766130560,2022,"complete","snake",1,13,"1.13",13,69,13,13,8160,"Kenny Pickett"
833952111766130560,2022,"complete","snake",1,14,"1.14",14,14,6,10,8167,"Christian Watson"
833952111766130560,2022,"complete","snake",1,14,"1.14",14,70,6,10,8167,"Christian Watson"
833952111766130560,2022,"complete","snake",2,1,"2.01",14,15,6,10,8118,"David Bell"
833952111766130560,2022,"complete","snake",2,1,"2.01",14,71,6,10,8118,"David Bell"
833952111766130560,2022,"complete","snake",2,2,"2.02",13,16,13,8,8153,"Isaiah Spiller"
833952111766130560,2022,"complete","snake",2,2,"2.02",13,72,13,8,8153,"Isaiah Spiller"
833952111766130560,2022,"complete","snake",2,3,"2.03",12,17,2,5,8289,"Aidan Hutchinson"
833952111766130560,2022,"complete","snake",2,3,"2.03",12,73,2,5,8289,"Aidan Hutchinson"
833952111766130560,2022,"complete","snake",2,4,"2.04",11,18,9,8,8142,"Alec Pierce"
833952111766130560,2022,"complete","snake",2,4,"2.04",11,74,9,8,8142,"Alec Pierce"
833952111766130560,2022,"complete","snake",2,5,"2.05",10,19,7,4,8126,"Wan'Dale Robinson"
833952111766130560,2022,"complete","snake",2,5,"2.05",10,75,7,4,8126,"Wan'Dale Robinson"
833952111766130560,2022,"complete","snake",2,6,"2.06",9,20,11,11,8132,"Tyler Allgeier"
833952111766130560,2022,"complete","snake",2,6,"2.06",9,76,11,11,8132,"Tyler Allgeier"
833952111766130560,2022,"complete","snake",2,7,"2.07",8,21,4,1,8148,"Jameson Williams"
833952111766130560,2022,"complete","snake",2,7,"2.07",8,77,4,1,8148,"Jameson Williams"
833952111766130560,2022,"complete","snake",2,8,"2.08",7,22,5,6,8355,"Kayvon Thibodeaux"
833952111766130560,2022,"complete","snake",2,8,"2.08",7,78,5,6,8355,"Kayvon Thibodeaux"
833952111766130560,2022,"complete","snake",2,9,"2.09",6,23,1,8,8290,"Sauce Gardner"
833952111766130560,2022,"complete","snake",2,9,"2.09",6,79,1,8,8290,"Sauce Gardner"
833952111766130560,2022,"complete","snake",2,10,"2.10",5,24,8,4,8159,"Desmond Ridder"
833952111766130560,2022,"complete","snake",2,10,"2.10",5,80,8,4,8159,"Desmond Ridder"
833952111766130560,2022,"complete","snake",2,11,"2.11",4,25,12,12,8339,"Kyle Hamilton"
833952111766130560,2022,"complete","snake",2,11,"2.11",4,81,12,12,8339,"Kyle Hamilton"
833952111766130560,2022,"complete","snake",2,12,"2.12",3,26,3,11,8130,"Trey McBride"
833952111766130560,2022,"complete","snake",2,12,"2.12",3,82,3,11,8130,"Trey McBride"
833952111766130560,2022,"complete","snake",2,13,"2.13",2,27,10,10,8161,"Malik Willis"
833952111766130560,2022,"complete","snake",2,13,"2.13",2,83,10,10,8161,"Malik Willis"
833952111766130560,2022,"complete","snake",2,14,"2.14",1,28,14,4,8117,"Jalen Tolbert"
833952111766130560,2022,"complete","snake",2,14,"2.14",1,84,14,4,8117,"Jalen Tolbert"
833952111766130560,2022,"complete","snake",3,1,"3.01",1,29,14,14,8211,"Tyrion Davis-Price"
833952111766130560,2022,"complete","snake",3,1,"3.01",1,85,14,14,8211,"Tyrion Davis-Price"
833952111766130560,2022,"complete","snake",3,2,"3.02",2,30,10,10,8154,"Brian Robinson"
833952111766130560,2022,"complete","snake",3,2,"3.02",2,86,10,10,8154,"Brian Robinson"
833952111766130560,2022,"complete","snake",3,3,"3.03",3,31,3,3,8308,"Derek Stingley"
833952111766130560,2022,"complete","snake",3,3,"3.03",3,87,3,3,8308,"Derek Stingley"
833952111766130560,2022,"complete","snake",3,4,"3.04",4,32,12,14,8219,"Jelani Woods"
833952111766130560,2022,"complete","snake",3,4,"3.04",4,88,12,14,8219,"Jelani Woods"
833952111766130560,2022,"complete","snake",3,5,"3.05",5,33,8,9,8139,"Zamir White"
833952111766130560,2022,"complete","snake",3,5,"3.05",5,89,8,9,8139,"Zamir White"
833952111766130560,2022,"complete","snake",3,6,"3.06",6,34,1,2,8121,"Romeo Doubs"
833952111766130560,2022,"complete","snake",3,6,"3.06",6,90,1,2,8121,"Romeo Doubs"
833952111766130560,2022,"complete","snake",3,7,"3.07",7,35,5,5,8123,"Hassan Haskins"
833952111766130560,2022,"complete","snake",3,7,"3.07",7,91,5,5,8123,"Hassan Haskins"
833952111766130560,2022,"complete","snake",3,8,"3.08",8,36,4,10,8258,"Cade York"
833952111766130560,2022,"complete","snake",3,8,"3.08",8,92,4,10,8258,"Cade York"
833952111766130560,2022,"complete","snake",3,9,"3.09",9,37,11,11,8188,"Tyquan Thornton"
833952111766130560,2022,"complete","snake",3,9,"3.09",9,93,11,11,8188,"Tyquan Thornton"
833952111766130560,2022,"complete","snake",3,10,"3.10",10,38,7,7,8140,"Justyn Ross"
833952111766130560,2022,"complete","snake",3,10,"3.10",10,94,7,7,8140,"Justyn Ross"
833952111766130560,2022,"complete","snake",3,11,"3.11",11,39,9,9,8267,"Nakobe Dean"
833952111766130560,2022,"complete","snake",3,11,"3.11",11,95,9,9,8267,"Nakobe Dean"
833952111766130560,2022,"complete","snake",3,12,"3.12",12,40,2,8,8164,"Matt Corral"
833952111766130560,2022,"complete","snake",3,12,"3.12",12,96,2,8,8164,"Matt Corral"
833952111766130560,2022,"complete","snake",3,13,"3.13",13,41,13,2,8150,"Kyren Williams"
833952111766130560,2022,"complete","snake",3,13,"3.13",13,97,13,2,8150,"Kyren Williams"
833952111766130560,2022,"complete","snake",3,14,"3.14",14,42,6,6,8329,"Devin Lloyd"
833952111766130560,2022,"complete","snake",3,14,"3.14",14,98,6,6,8329,"Devin Lloyd"
833952111766130560,2022,"complete","snake",4,1,"4.01",14,43,6,1,8205,"Isiah Pacheco"
833952111766130560,2022,"complete","snake",4,1,"4.01",14,99,6,1,8205,"Isiah Pacheco"
833952111766130560,2022,"complete","snake",4,2,"4.02",13,44,13,8,8268,"Lewis Cine"
833952111766130560,2022,"complete","snake",4,2,"4.02",13,100,13,8,8268,"Lewis Cine"
833952111766130560,2022,"complete","snake",4,3,"4.03",12,45,2,8,8398,"Jermaine Johnson"
833952111766130560,2022,"complete","snake",4,3,"4.03",12,101,2,8,8398,"Jermaine Johnson"
833952111766130560,2022,"complete","snake",4,4,"4.04",11,46,9,9,8323,"Jaquan Brisker"
833952111766130560,2022,"complete","snake",4,4,"4.04",11,102,9,9,8323,"Jaquan Brisker"
833952111766130560,2022,"complete","snake",4,5,"4.05",10,47,7,10,8172,"Greg Dulcich"
833952111766130560,2022,"complete","snake",4,5,"4.05",10,103,7,10,8172,"Greg Dulcich"
833952111766130560,2022,"complete","snake",4,6,"4.06",9,48,11,11,8265,"Travon Walker"
833952111766130560,2022,"complete","snake",4,6,"4.06",9,104,11,11,8265,"Travon Walker"
833952111766130560,2022,"complete","snake",4,7,"4.07",8,49,4,1,8221,"Keaontay Ingram"
833952111766130560,2022,"complete","snake",4,7,"4.07",8,105,4,1,8221,"Keaontay Ingram"
833952111766130560,2022,"complete","snake",4,8,"4.08",7,50,5,5,8147,"John Metchie"
833952111766130560,2022,"complete","snake",4,8,"4.08",7,106,5,5,8147,"John Metchie"
833952111766130560,2022,"complete","snake",4,9,"4.09",6,51,1,1,8134,"Khalil Shakir"
833952111766130560,2022,"complete","snake",4,9,"4.09",6,107,1,1,8134,"Khalil Shakir"
833952111766130560,2022,"complete","snake",4,10,"4.10",5,52,8,1,8162,"Sam Howell"
833952111766130560,2022,"complete","snake",4,10,"4.10",5,108,8,1,8162,"Sam Howell"
833952111766130560,2022,"complete","snake",4,11,"4.11",4,53,12,7,8266,"Quay Walker"
833952111766130560,2022,"complete","snake",4,11,"4.11",4,109,12,7,8266,"Quay Walker"
833952111766130560,2022,"complete","snake",4,12,"4.12",3,54,3,1,8210,"Chig Okonkwo"
833952111766130560,2022,"complete","snake",4,12,"4.12",3,110,3,1,8210,"Chig Okonkwo"
833952111766130560,2022,"complete","snake",4,13,"4.13",2,55,10,6,8287,"David Ojabo"
833952111766130560,2022,"complete","snake",4,13,"4.13",2,111,10,6,8287,"David Ojabo"
833952111766130560,2022,"complete","snake",4,14,"4.14",1,56,14,1,8179,"Snoop Conner"
833952111766130560,2022,"complete","snake",4,14,"4.14",1,112,14,1,8179,"Snoop Conner"
931450431807537280,2023,"complete","snake",1,1,"1.01",1,1,11,4,9509,"Bijan Robinson"
931450431807537280,2023,"complete","snake",1,1,"1.01",1,57,11,4,9509,"Bijan Robinson"
931450431807537280,2023,"complete","snake",1,2,"1.02",2,2,1,8,9229,"Anthony Richardson"
931450431807537280,2023,"complete","snake",1,2,"1.02",2,58,1,8,9229,"Anthony Richardson"
931450431807537280,2023,"complete","snake",1,3,"1.03",3,3,10,10,9228,"Bryce Young"
931450431807537280,2023,"complete","snake",1,3,"1.03",3,59,10,10,9228,"Bryce Young"
931450431807537280,2023,"complete","snake",1,4,"1.04",4,4,12,5,9221,"Jahmyr Gibbs"
931450431807537280,2023,"complete","snake",1,4,"1.04",4,60,12,5,9221,"Jahmyr Gibbs"
931450431807537280,2023,"complete","snake",1,5,"1.05",5,5,8,1,9758,"C.J. Stroud"
931450431807537280,2023,"complete","snake",1,5,"1.05",5,61,8,1,9758,"C.J. Stroud"
931450431807537280,2023,"complete","snake",1,6,"1.06",6,6,4,10,9488,"Jaxon Smith-Njigba"
931450431807537280,2023,"complete","snake",1,6,"1.06",6,62,4,10,9488,"Jaxon Smith-Njigba"
931450431807537280,2023,"complete","snake",1,7,"1.07",7,7,3,6,9754,"Quentin Johnston"
931450431807537280,2023,"complete","snake",1,7,"1.07",7,63,3,6,9754,"Quentin Johnston"
931450431807537280,2023,"complete","snake",1,8,"1.08",8,8,9,9,9756,"Jordan Addison"
931450431807537280,2023,"complete","snake",1,8,"1.08",8,64,9,9,9756,"Jordan Addison"
931450431807537280,2023,"complete","snake",1,9,"1.09",9,9,7,14,9997,"Zay Flowers"
931450431807537280,2023,"complete","snake",1,9,"1.09",9,65,7,14,9997,"Zay Flowers"
931450431807537280,2023,"complete","snake",1,10,"1.10",10,10,2,10,10225,"Jonathan Mingo"
931450431807537280,2023,"complete","snake",1,10,"1.10",10,66,2,10,10225,"Jonathan Mingo"
931450431807537280,2023,"complete","snake",1,11,"1.11",11,11,6,14,10236,"Dalton Kincaid"
931450431807537280,2023,"complete","snake",1,11,"1.11",11,67,6,14,10236,"Dalton Kincaid"
931450431807537280,2023,"complete","snake",1,12,"1.12",12,12,13,12,9482,"Michael Mayer"
931450431807537280,2023,"complete","snake",1,12,"1.12",12,68,13,12,9482,"Michael Mayer"
931450431807537280,2023,"complete","snake",1,13,"1.13",13,13,14,7,10859,"Sam LaPorta"
931450431807537280,2023,"complete","snake",1,13,"1.13",13,69,14,7,10859,"Sam LaPorta"
931450431807537280,2023,"complete","snake",1,14,"1.14",14,14,5,5,10229,"Rashee Rice"
931450431807537280,2023,"complete","snake",1,14,"1.14",14,70,5,5,10229,"Rashee Rice"
931450431807537280,2023,"complete","snake",2,1,"2.01",14,15,5,5,9999,"Will Levis"
931450431807537280,2023,"complete","snake",2,1,"2.01",14,71,5,5,9999,"Will Levis"
931450431807537280,2023,"complete","snake",2,2,"2.02",13,16,14,12,10892,"Will Anderson"
931450431807537280,2023,"complete","snake",2,2,"2.02",13,72,14,12,10892,"Will Anderson"
931450431807537280,2023,"complete","snake",2,3,"2.03",12,17,13,2,9753,"Zach Charbonnet"
931450431807537280,2023,"complete","snake",2,3,"2.03",12,73,13,2,9753,"Zach Charbonnet"
931450431807537280,2023,"complete","snake",2,4,"2.04",11,18,6,10,9494,"Marvin Mims"
931450431807537280,2023,"complete","snake",2,4,"2.04",11,74,6,10,9494,"Marvin Mims"
931450431807537280,2023,"complete","snake",2,5,"2.05",10,19,2,6,9497,"Jalin Hyatt"
931450431807537280,2023,"complete","snake",2,5,"2.05",10,75,2,6,9497,"Jalin Hyatt"
931450431807537280,2023,"complete","snake",2,6,"2.06",9,20,7,10,9226,"De'Von Achane"
931450431807537280,2023,"complete","snake",2,6,"2.06",9,76,7,10,9226,"De'Von Achane"
931450431807537280,2023,"complete","snake",2,7,"2.07",8,21,9,9,9225,"Tank Bigsby"
931450431807537280,2023,"complete","snake",2,7,"2.07",8,77,9,9,9225,"Tank Bigsby"
931450431807537280,2023,"complete","snake",2,8,"2.08",7,22,3,6,9224,"Chase Brown"
931450431807537280,2023,"complete","snake",2,8,"2.08",7,78,3,6,9224,"Chase Brown"
931450431807537280,2023,"complete","snake",2,9,"2.09",6,23,4,8,9500,"Josh Downs"
931450431807537280,2023,"complete","snake",2,9,"2.09",6,79,4,8,9500,"Josh Downs"
931450431807537280,2023,"complete","snake",2,10,"2.10",5,24,8,3,10222,"Jayden Reed"
931450431807537280,2023,"complete","snake",2,10,"2.10",5,80,8,3,10222,"Jayden Reed"
931450431807537280,2023,"complete","snake",2,11,"2.11",4,25,12,12,10888,"Jalen Carter"
931450431807537280,2023,"complete","snake",2,11,"2.11",4,81,12,12,10888,"Jalen Carter"
931450431807537280,2023,"complete","snake",2,12,"2.12",3,26,10,1,10235,"Roschon Johnson"
931450431807537280,2023,"complete","snake",2,12,"2.12",3,82,10,1,10235,"Roschon Johnson"
931450431807537280,2023,"complete","snake",2,13,"2.13",2,27,1,7,9502,"Tank Dell"
931450431807537280,2023,"complete","snake",2,13,"2.13",2,83,1,7,9502,"Tank Dell"
931450431807537280,2023,"complete","snake",2,14,"2.14",1,28,11,11,9222,"Zach Evans"
931450431807537280,2023,"complete","snake",2,14,"2.14",1,84,11,11,9222,"Zach Evans"
931450431807537280,2023,"complete","snake",3,1,"3.01",1,29,11,11,10444,"Cedric Tillman"
931450431807537280,2023,"complete","snake",3,1,"3.01",1,85,11,11,10444,"Cedric Tillman"
931450431807537280,2023,"complete","snake",3,2,"3.02",2,30,1,11,9227,"Israel Abanikanda"
931450431807537280,2023,"complete","snake",3,2,"3.02",2,86,1,11,9227,"Israel Abanikanda"
931450431807537280,2023,"complete","snake",3,3,"3.03",3,31,10,10,9757,"Kendre Miller"
931450431807537280,2023,"complete","snake",3,3,"3.03",3,87,10,10,9757,"Kendre Miller"
931450431807537280,2023,"complete","snake",3,4,"3.04",4,32,12,12,9481,"Luke Musgrave"
931450431807537280,2023,"complete","snake",3,4,"3.04",4,88,12,12,9481,"Luke Musgrave"
931450431807537280,2023,"complete","snake",3,5,"3.05",5,33,8,8,9508,"Tyjae Spears"
931450431807537280,2023,"complete","snake",3,5,"3.05",5,89,8,8,9508,"Tyjae Spears"
931450431807537280,2023,"complete","snake",3,6,"3.06",6,34,4,3,9479,"Darnell Washington"
931450431807537280,2023,"complete","snake",3,6,"3.06",6,90,4,3,9479,"Darnell Washington"
931450431807537280,2023,"complete","snake",3,7,"3.07",7,35,3,3,10891,"Devon Witherspoon"
931450431807537280,2023,"complete","snake",3,7,"3.07",7,91,3,3,10891,"Devon Witherspoon"
931450431807537280,2023,"complete","snake",3,8,"3.08",8,36,9,9,10885,"Lukas Van Ness"
931450431807537280,2023,"complete","snake",3,8,"3.08",8,92,9,9,10885,"Lukas Van Ness"
931450431807537280,2023,"complete","snake",3,9,"3.09",9,37,7,4,10857,"Stetson Bennett"
931450431807537280,2023,"complete","snake",3,9,"3.09",9,93,7,4,10857,"Stetson Bennett"
931450431807537280,2023,"complete","snake",3,10,"3.10",10,38,2,2,10232,"Michael Wilson"
931450431807537280,2023,"complete","snake",3,10,"3.10",10,94,2,2,10232,"Michael Wilson"
931450431807537280,2023,"complete","snake",3,11,"3.11",11,39,6,3,10218,"Xavier Hutchinson"
931450431807537280,2023,"complete","snake",3,11,"3.11",11,95,6,3,10218,"Xavier Hutchinson"
931450431807537280,2023,"complete","snake",3,12,"3.12",12,40,13,6,9998,"Hendon Hooker"
931450431807537280,2023,"complete","snake",3,12,"3.12",12,96,13,6,9998,"Hendon Hooker"
931450431807537280,2023,"complete","snake",3,13,"3.13",13,41,14,14,10983,"Sean Clifford"
931450431807537280,2023,"complete","snake",3,13,"3.13",13,97,14,14,10983,"Sean Clifford"
931450431807537280,2023,"complete","snake",3,14,"3.14",14,42,5,14,10863,"A.T. Perry"
931450431807537280,2023,"complete","snake",3,14,"3.14",14,98,5,14,10863,"A.T. Perry"
931450431807537280,2023,"complete","snake",4,1,"4.01",14,43,5,10,10880,"Jack Campbell"
931450431807537280,2023,"complete","snake",4,1,"4.01",14,99,5,10,10880,"Jack Campbell"
931450431807537280,2023,"complete","snake",4,2,"4.02",13,44,14,1,9504,"Kayshon Boutte"
931450431807537280,2023,"complete","snake",4,2,"4.02",13,100,14,1,9504,"Kayshon Boutte"
931450431807537280,2023,"complete","snake",4,3,"4.03",12,45,13,13,9505,"Deuce Vaughn"
931450431807537280,2023,"complete","snake",4,3,"4.03",12,101,13,13,9505,"Deuce Vaughn"
931450431807537280,2023,"complete","snake",4,4,"4.04",11,46,6,1,10937,"Jake Moody"
931450431807537280,2023,"complete","snake",4,4,"4.04",11,102,6,1,10937,"Jake Moody"
931450431807537280,2023,"complete","snake",4,5,"4.05",10,47,2,2,9493,"Puka Nacua"
931450431807537280,2023,"complete","snake",4,5,"4.05",10,103,2,2,9493,"Puka Nacua"
931450431807537280,2023,"complete","snake",4,6,"4.06",9,48,7,7,10871,"Luke Schoonmaker"
931450431807537280,2023,"complete","snake",4,6,"4.06",9,104,7,7,10871,"Luke Schoonmaker"
931450431807537280,2023,"complete","snake",4,7,"4.07",8,49,9,2,9220,"Evan Hull"
931450431807537280,2023,"complete","snake",4,7,"4.07",8,105,9,2,9220,"Evan Hull"
931450431807537280,2023,"complete","snake",4,8,"4.08",7,50,3,4,10913,"Joey Porter"
931450431807537280,2023,"complete","snake",4,8,"4.08",7,106,3,4,10913,"Joey Porter"
931450431807537280,2023,"complete","snake",4,9,"4.09",6,51,4,8,9490,"Tyler Scott"
931450431807537280,2023,"complete","snake",4,9,"4.09",6,107,4,8,9490,"Tyler Scott"
931450431807537280,2023,"complete","snake",4,10,"4.10",5,52,8,7,10216,"Kenny McIntosh"
931450431807537280,2023,"complete","snake",4,10,"4.10",5,108,8,7,10216,"Kenny McIntosh"
931450431807537280,2023,"complete","snake",4,11,"4.11",4,53,12,9,10881,"Christian Gonzalez"
931450431807537280,2023,"complete","snake",4,11,"4.11",4,109,12,9,10881,"Christian Gonzalez"
931450431807537280,2023,"complete","snake",4,12,"4.12",3,54,10,8,10212,"Josh Whyle"
931450431807537280,2023,"complete","snake",4,12,"4.12",3,110,10,8,10212,"Josh Whyle"
931450431807537280,2023,"complete","snake",4,13,"4.13",2,55,1,11,10228,"Charlie Jones"
931450431807537280,2023,"complete","snake",4,13,"4.13",2,111,1,11,10228,"Charlie Jones"
931450431807537280,2023,"complete","snake",4,14,"4.14",1,56,11,10,10955,"Chad Ryland"
931450431807537280,2023,"complete","snake",4,14,"4.14",1,112,11,10,10955,"Chad Ryland"
1054586519090008064,2024,"complete","snake",1,1,"1.01",1,1,11,9,11560,"Caleb Williams"
1054586519090008064,2024,"complete","snake",1,1,"1.01",1,57,11,9,11560,"Caleb Williams"
1054586519090008064,2024,"complete","snake",1,2,"1.02",2,2,12,4,11628,"Marvin Harrison"
1054586519090008064,2024,"complete","snake",1,2,"1.02",2,58,12,4,11628,"Marvin Harrison"
1054586519090008064,2024,"complete","snake",1,3,"1.03",3,3,3,12,11566,"Jayden Daniels"
1054586519090008064,2024,"complete","snake",1,3,"1.03",3,59,3,12,11566,"Jayden Daniels"
1054586519090008064,2024,"complete","snake",1,4,"1.04",4,4,8,10,11632,"Malik Nabers"
1054586519090008064,2024,"complete","snake",1,4,"1.04",4,60,8,10,11632,"Malik Nabers"
1054586519090008064,2024,"complete","snake",1,5,"1.05",5,5,10,4,11564,"Drake Maye"
1054586519090008064,2024,"complete","snake",1,5,"1.05",5,61,10,4,11564,"Drake Maye"
1054586519090008064,2024,"complete","snake",1,6,"1.06",6,6,9,11,11620,"Rome Odunze"
1054586519090008064,2024,"complete","snake",1,6,"1.06",6,62,9,11,11620,"Rome Odunze"
1054586519090008064,2024,"complete","snake",1,7,"1.07",7,7,14,9,11604,"Brock Bowers"
1054586519090008064,2024,"complete","snake",1,7,"1.07",7,63,14,9,11604,"Brock Bowers"
1054586519090008064,2024,"complete","snake",1,8,"1.08",8,8,13,2,11631,"Brian Thomas"
1054586519090008064,2024,"complete","snake",1,8,"1.08",8,64,13,2,11631,"Brian Thomas"
1054586519090008064,2024,"complete","snake",1,9,"1.09",9,9,4,10,11563,"Bo Nix"
1054586519090008064,2024,"complete","snake",1,9,"1.09",9,65,4,10,11563,"Bo Nix"
1054586519090008064,2024,"complete","snake",1,10,"1.10",10,10,6,6,11624,"Xavier Worthy"
1054586519090008064,2024,"complete","snake",1,10,"1.10",10,66,6,6,11624,"Xavier Worthy"
1054586519090008064,2024,"complete","snake",1,11,"1.11",11,11,7,6,11583,"Jonathon Brooks"
1054586519090008064,2024,"complete","snake",1,11,"1.11",11,67,7,6,11583,"Jonathon Brooks"
1054586519090008064,2024,"complete","snake",1,12,"1.12",12,12,5,1,11635,"Ladd McConkey"
1054586519090008064,2024,"complete","snake",1,12,"1.12",12,68,5,1,11635,"Ladd McConkey"
1054586519090008064,2024,"complete","snake",1,13,"1.13",13,13,1,8,11589,"Trey Benson"
1054586519090008064,2024,"complete","snake",1,13,"1.13",13,69,1,8,11589,"Trey Benson"
1054586519090008064,2024,"complete","snake",1,14,"1.14",14,14,2,12,11637,"Keon Coleman"
1054586519090008064,2024,"complete","snake",1,14,"1.14",14,70,2,12,11637,"Keon Coleman"
1054586519090008064,2024,"complete","snake",2,1,"2.01",14,15,2,6,11586,"Blake Corum"
1054586519090008064,2024,"complete","snake",2,1,"2.01",14,71,2,6,11586,"Blake Corum"
1054586519090008064,2024,"complete","snake",2,2,"2.02",13,16,1,7,11625,"Adonai Mitchell"
1054586519090008064,2024,"complete","snake",2,2,"2.02",13,72,1,7,11625,"Adonai Mitchell"
1054586519090008064,2024,"complete","snake",2,3,"2.03",12,17,5,4,11627,"Troy Franklin"
1054586519090008064,2024,"complete","snake",2,3,"2.03",12,73,5,4,11627,"Troy Franklin"
1054586519090008064,2024,"complete","snake",2,4,"2.04",11,18,7,6,11626,"Xavier Legette"
1054586519090008064,2024,"complete","snake",2,4,"2.04",11,74,7,6,11626,"Xavier Legette"
1054586519090008064,2024,"complete","snake",2,5,"2.05",10,19,6,10,11630,"Roman Wilson"
1054586519090008064,2024,"complete","snake",2,5,"2.05",10,75,6,10,11630,"Roman Wilson"
1054586519090008064,2024,"complete","snake",2,6,"2.06",9,20,4,11,11638,"Ricky Pearsall"
1054586519090008064,2024,"complete","snake",2,6,"2.06",9,76,4,11,11638,"Ricky Pearsall"
1054586519090008064,2024,"complete","snake",2,7,"2.07",8,21,13,13,11619,"Ja'Lynn Polk"
1054586519090008064,2024,"complete","snake",2,7,"2.07",8,77,13,13,11619,"Ja'Lynn Polk"
1054586519090008064,2024,"complete","snake",2,8,"2.08",7,22,14,14,11596,"Ben Sinnott"
1054586519090008064,2024,"complete","snake",2,8,"2.08",7,78,14,14,11596,"Ben Sinnott"
1054586519090008064,2024,"complete","snake",2,9,"2.09",6,23,9,10,11600,"Ja'Tavion Sanders"
1054586519090008064,2024,"complete","snake",2,9,"2.09",6,79,9,10,11600,"Ja'Tavion Sanders"
1054586519090008064,2024,"complete","snake",2,10,"2.10",5,24,10,3,11617,"Malachi Corley"
1054586519090008064,2024,"complete","snake",2,10,"2.10",5,80,10,3,11617,"Malachi Corley"
1054586519090008064,2024,"complete","snake",2,11,"2.11",4,25,8,6,11559,"Michael Penix"
1054586519090008064,2024,"complete","snake",2,11,"2.11",4,81,8,6,11559,"Michael Penix"
1054586519090008064,2024,"complete","snake",2,12,"2.12",3,26,3,11,11643,"Jaylen Wright"
1054586519090008064,2024,"complete","snake",2,12,"2.12",3,82,3,11,11643,"Jaylen Wright"
1054586519090008064,2024,"complete","snake",2,13,"2.13",2,27,12,11,11618,"Jalen McMillan"
1054586519090008064,2024,"complete","snake",2,13,"2.13",2,83,12,11,11618,"Jalen McMillan"
1054586519090008064,2024,"complete","snake",2,14,"2.14",1,28,11,2,11565,"J.J. McCarthy"
1054586519090008064,2024,"complete","snake",2,14,"2.14",1,84,11,2,11565,"J.J. McCarthy"
1054586519090008064,2024,"complete","snake",3,1,"3.01",1,29,11,14,11655,"Tyrone Tracy"
1054586519090008064,2024,"complete","snake",3,1,"3.01",1,85,11,14,11655,"Tyrone Tracy"
1054586519090008064,2024,"complete","snake",3,2,"3.02",2,30,12,4,11584,"Bucky Irving"
1054586519090008064,2024,"complete","snake",3,2,"3.02",2,86,12,4,11584,"Bucky Irving"
1054586519090008064,2024,"complete","snake",3,3,"3.03",3,31,3,14,11621,"Brenden Rice"
1054586519090008064,2024,"complete","snake",3,3,"3.03",3,87,3,14,11621,"Brenden Rice"
1054586519090008064,2024,"complete","snake",3,4,"3.04",4,32,8,8,11640,"Jermaine Burton"
1054586519090008064,2024,"complete","snake",3,4,"3.04",4,88,8,8,11640,"Jermaine Burton"
1054586519090008064,2024,"complete","snake",3,5,"3.05",5,33,10,10,11650,"Luke McCaffrey"
1054586519090008064,2024,"complete","snake",3,5,"3.05",5,89,10,10,11650,"Luke McCaffrey"
1054586519090008064,2024,"complete","snake",3,6,"3.06",6,34,9,8,11597,"Theo Johnson"
1054586519090008064,2024,"complete","snake",3,6,"3.06",6,90,9,8,11597,"Theo Johnson"
1054586519090008064,2024,"complete","snake",3,7,"3.07",7,35,14,14,11665,"Jared Verse"
1054586519090008064,2024,"complete","snake",3,7,"3.07",7,91,14,14,11665,"Jared Verse"
1054586519090008064,2024,"complete","snake",3,8,"3.08",8,36,13,13,11647,"Kimani Vidal"
1054586519090008064,2024,"complete","snake",3,8,"3.08",8,92,13,13,11647,"Kimani Vidal"
1054586519090008064,2024,"complete","snake",3,9,"3.09",9,37,4,4,11645,"Javon Baker"
1054586519090008064,2024,"complete","snake",3,9,"3.09",9,93,4,4,11645,"Javon Baker"
1054586519090008064,2024,"complete","snake",3,10,"3.10",10,38,6,11,11579,"Audric Estime"
1054586519090008064,2024,"complete","snake",3,10,"3.10",10,94,6,11,11579,"Audric Estime"
1054586519090008064,2024,"complete","snake",3,11,"3.11",11,39,7,3,11663,"Chop Robinson"
1054586519090008064,2024,"complete","snake",3,11,"3.11",11,95,7,3,11663,"Chop Robinson"
1054586519090008064,2024,"complete","snake",3,12,"3.12",12,40,5,12,11610,"Malik Washington"
1054586519090008064,2024,"complete","snake",3,12,"3.12",12,96,5,12,11610,"Malik Washington"
1054586519090008064,2024,"complete","snake",3,13,"3.13",13,41,1,12,11667,"Dallas Turner"
1054586519090008064,2024,"complete","snake",3,13,"3.13",13,97,1,12,11667,"Dallas Turner"
1054586519090008064,2024,"complete","snake",3,14,"3.14",14,42,2,14,11581,"MarShawn Lloyd"
1054586519090008064,2024,"complete","snake",3,14,"3.14",14,98,2,14,11581,"MarShawn Lloyd"
1054586519090008064,2024,"complete","snake",4,1,"4.01",14,43,2,5,11599,"Cade Stover"
1054586519090008064,2024,"complete","snake",4,1,"4.01",14,99,2,5,11599,"Cade Stover"
1054586519090008064,2024,"complete","snake",4,2,"4.02",13,44,1,5,11576,"Braelon Allen"
1054586519090008064,2024,"complete","snake",4,2,"4.02",13,100,1,5,11576,"Braelon Allen"
1054586519090008064,2024,"complete","snake",4,3,"4.03",12,45,5,5,11629,"Devontez Walker"
1054586519090008064,2024,"complete","snake",4,3,"4.03",12,101,5,5,11629,"Devontez Walker"
1054586519090008064,2024,"complete","snake",4,4,"4.04",11,46,7,2,11623,"Jordan Whittington"
1054586519090008064,2024,"complete","snake",4,4,"4.04",11,102,7,2,11623,"Jordan Whittington"
1054586519090008064,2024,"complete","snake",4,5,"4.05",10,47,6,8,11582,"Carson Steele"
1054586519090008064,2024,"complete","snake",4,5,"4.05",10,103,6,8,11582,"Carson Steele"
1054586519090008064,2024,"complete","snake",4,6,"4.06",9,48,4,4,11575,"Ray Davis"
1054586519090008064,2024,"complete","snake",4,6,"4.06",9,104,4,4,11575,"Ray Davis"
1054586519090008064,2024,"complete","snake",4,7,"4.07",8,49,13,3,11605,"Jaheim Bell"
1054586519090008064,2024,"complete","snake",4,7,"4.07",8,105,13,3,11605,"Jaheim Bell"
1054586519090008064,2024,"complete","snake",4,8,"4.08",7,50,14,2,11616,"Jacob Cowing"
1054586519090008064,2024,"complete","snake",4,8,"4.08",7,106,14,2,11616,"Jacob Cowing"
1054586519090008064,2024,"complete","snake",4,9,"4.09",6,51,9,1,11661,"Terrion Arnold"
1054586519090008064,2024,"complete","snake",4,9,"4.09",6,107,9,1,11661,"Terrion Arnold"
1054586519090008064,2024,"complete","snake",4,10,"4.10",5,52,10,10,11727,"Payton Wilson"
1054586519090008064,2024,"complete","snake",4,10,"4.10",5,108,10,10,11727,"Payton Wilson"
1054586519090008064,2024,"complete","snake",4,11,"4.11",4,53,8,11,11562,"Spencer Rattler"
1054586519090008064,2024,"complete","snake",4,11,"4.11",4,109,8,11,11562,"Spencer Rattler"
1054586519090008064,2024,"complete","snake",4,12,"4.12",3,54,3,7,11636,"Johnny Wilson"
1054586519090008064,2024,"complete","snake",4,12,"4.12",3,110,3,7,11636,"Johnny Wilson"
1054586519090008064,2024,"complete","snake",4,13,"4.13",2,55,12,12,11577,"Will Shipley"
1054586519090008064,2024,"complete","snake",4,13,"4.13",2,111,12,12,11577,"Will Shipley"
1054586519090008064,2024,"complete","snake",4,14,"4.14",1,56,11,3,11783,"Ryan Flournoy"
1054586519090008064,2024,"complete","snake",4,14,"4.14",1,112,11,3,11783,"Ryan Flournoy"
1185347458376470528,2025,"complete","snake",1,1,"1.01",1,1,9,1,12527,"Ashton Jeanty"
1185347458376470528,2025,"complete","snake",1,1,"1.01",1,57,9,1,12527,"Ashton Jeanty"
1185347458376470528,2025,"complete","snake",1,2,"1.02",2,2,13,13,12530,"Travis Hunter"
1185347458376470528,2025,"complete","snake",1,2,"1.02",2,58,13,13,12530,"Travis Hunter"
1185347458376470528,2025,"complete","snake",1,3,"1.03",3,3,6,6,12507,"Omarion Hampton"
1185347458376470528,2025,"complete","snake",1,3,"1.03",3,59,6,6,12507,"Omarion Hampton"
1185347458376470528,2025,"complete","snake",1,4,"1.04",4,4,14,14,12529,"TreVeyon Henderson"
1185347458376470528,2025,"complete","snake",1,4,"1.04",4,60,14,14,12529,"TreVeyon Henderson"
1185347458376470528,2025,"complete","snake",1,5,"1.05",5,5,3,11,12518,"Tyler Warren"
1185347458376470528,2025,"complete","snake",1,5,"1.05",5,61,3,11,12518,"Tyler Warren"
1185347458376470528,2025,"complete","snake",1,6,"1.06",6,6,5,2,12526,"Tetairoa McMillan"
1185347458376470528,2025,"complete","snake",1,6,"1.06",6,62,5,2,12526,"Tetairoa McMillan"
1185347458376470528,2025,"complete","snake",1,7,"1.07",7,7,11,3,12514,"Emeka Egbuka"
1185347458376470528,2025,"complete","snake",1,7,"1.07",7,63,11,3,12514,"Emeka Egbuka"
1185347458376470528,2025,"complete","snake",1,8,"1.08",8,8,4,5,12522,"Cam Ward"
1185347458376470528,2025,"complete","snake",1,8,"1.08",8,64,4,5,12522,"Cam Ward"
1185347458376470528,2025,"complete","snake",1,9,"1.09",9,9,7,11,12489,"RJ Harvey"
1185347458376470528,2025,"complete","snake",1,9,"1.09",9,65,7,11,12489,"RJ Harvey"
1185347458376470528,2025,"complete","snake",1,10,"1.10",10,10,2,2,12517,"Colston Loveland"
1185347458376470528,2025,"complete","snake",1,10,"1.10",10,66,2,2,12517,"Colston Loveland"
1185347458376470528,2025,"complete","snake",1,11,"1.11",11,11,12,3,12484,"Jayden Higgins"
1185347458376470528,2025,"complete","snake",1,11,"1.11",11,67,12,3,12484,"Jayden Higgins"
1185347458376470528,2025,"complete","snake",1,12,"1.12",12,12,10,11,12501,"Matthew Golden"
1185347458376470528,2025,"complete","snake",1,12,"1.12",12,68,10,11,12501,"Matthew Golden"
1185347458376470528,2025,"complete","snake",1,13,"1.13",13,13,8,5,12508,"Jaxson Dart"
1185347458376470528,2025,"complete","snake",1,13,"1.13",13,69,8,5,12508,"Jaxson Dart"
1185347458376470528,2025,"complete","snake",1,14,"1.14",14,14,1,7,12504,"Kaleb Johnson"
1185347458376470528,2025,"complete","snake",1,14,"1.14",14,70,1,7,12504,"Kaleb Johnson"
1185347458376470528,2025,"complete","snake",2,1,"2.01",14,15,1,7,12519,"Luther Burden"
1185347458376470528,2025,"complete","snake",2,1,"2.01",14,71,1,7,12519,"Luther Burden"
1185347458376470528,2025,"complete","snake",2,2,"2.02",13,16,8,6,12512,"Quinshon Judkins"
1185347458376470528,2025,"complete","snake",2,2,"2.02",13,72,8,6,12512,"Quinshon Judkins"
1185347458376470528,2025,"complete","snake",2,3,"2.03",12,17,10,4,12547,"Kyle Williams"
1185347458376470528,2025,"complete","snake",2,3,"2.03",12,73,10,4,12547,"Kyle Williams"
1185347458376470528,2025,"complete","snake",2,4,"2.04",11,18,12,8,12498,"Mason Taylor"
1185347458376470528,2025,"complete","snake",2,4,"2.04",11,74,12,8,12498,"Mason Taylor"
1185347458376470528,2025,"complete","snake",2,5,"2.05",10,19,2,8,12509,"Tre' Harris"
1185347458376470528,2025,"complete","snake",2,5,"2.05",10,75,2,8,12509,"Tre' Harris"
1185347458376470528,2025,"complete","snake",2,6,"2.06",9,20,7,5,12506,"Harold Fannin"
1185347458376470528,2025,"complete","snake",2,6,"2.06",9,76,7,5,12506,"Harold Fannin"
1185347458376470528,2025,"complete","snake",2,7,"2.07",8,21,4,11,12481,"Cam Skattebo"
1185347458376470528,2025,"complete","snake",2,7,"2.07",8,77,4,11,12481,"Cam Skattebo"
1185347458376470528,2025,"complete","snake",2,8,"2.08",7,22,11,5,12533,"Jacory Croskey-Merritt"
1185347458376470528,2025,"complete","snake",2,8,"2.08",7,78,11,5,12533,"Jacory Croskey-Merritt"
1185347458376470528,2025,"complete","snake",2,9,"2.09",6,23,5,3,12524,"Shedeur Sanders"
1185347458376470528,2025,"complete","snake",2,9,"2.09",6,79,5,3,12524,"Shedeur Sanders"
1185347458376470528,2025,"complete","snake",2,10,"2.10",5,24,3,13,12469,"Dylan Sampson"
1185347458376470528,2025,"complete","snake",2,10,"2.10",5,80,3,13,12469,"Dylan Sampson"
1185347458376470528,2025,"complete","snake",2,11,"2.11",4,25,14,7,12492,"Pat Bryant"
1185347458376470528,2025,"complete","snake",2,11,"2.11",4,81,14,7,12492,"Pat Bryant"
1185347458376470528,2025,"complete","snake",2,12,"2.12",3,26,6,6,12521,"Elijah Arroyo"
1185347458376470528,2025,"complete","snake",2,12,"2.12",3,82,6,6,12521,"Elijah Arroyo"
1185347458376470528,2025,"complete","snake",2,13,"2.13",2,27,13,13,12574,"Abdul Carter"
1185347458376470528,2025,"complete","snake",2,13,"2.13",2,83,13,13,12574,"Abdul Carter"
1185347458376470528,2025,"complete","snake",2,14,"2.14",1,28,9,7,12495,"Ollie Gordon"
1185347458376470528,2025,"complete","snake",2,14,"2.14",1,84,9,7,12495,"Ollie Gordon"
1185347458376470528,2025,"complete","snake",3,1,"3.01",1,29,9,7,12534,"Kyle Monangai"
1185347458376470528,2025,"complete","snake",3,1,"3.01",1,85,9,7,12534,"Kyle Monangai"
1185347458376470528,2025,"complete","snake",3,2,"3.02",2,30,13,13,12499,"Elic Ayomanor"
1185347458376470528,2025,"complete","snake",3,2,"3.02",2,86,13,13,12499,"Elic Ayomanor"
1185347458376470528,2025,"complete","snake",3,3,"3.03",3,31,6,8,12545,"Tyler Shough"
1185347458376470528,2025,"complete","snake",3,3,"3.03",3,87,6,8,12545,"Tyler Shough"
1185347458376470528,2025,"complete","snake",3,4,"3.04",4,32,14,11,12535,"Isaac TeSlaa"
1185347458376470528,2025,"complete","snake",3,4,"3.04",4,88,14,11,12535,"Isaac TeSlaa"
1185347458376470528,2025,"complete","snake",3,5,"3.05",5,33,3,12,12541,"Dont'e Thornton"
1185347458376470528,2025,"complete","snake",3,5,"3.05",5,89,3,12,12541,"Dont'e Thornton"
1185347458376470528,2025,"complete","snake",3,6,"3.06",6,34,5,5,12487,"Terrance Ferguson"
1185347458376470528,2025,"complete","snake",3,6,"3.06",6,90,5,5,12487,"Terrance Ferguson"
1185347458376470528,2025,"complete","snake",3,7,"3.07",7,35,11,14,12457,"Jaydon Blue"
1185347458376470528,2025,"complete","snake",3,7,"3.07",7,91,11,14,12457,"Jaydon Blue"
1185347458376470528,2025,"complete","snake",3,8,"3.08",8,36,4,4,12510,"Jalen Milroe"
1185347458376470528,2025,"complete","snake",3,8,"3.08",8,92,4,4,12510,"Jalen Milroe"
1185347458376470528,2025,"complete","snake",3,9,"3.09",9,37,7,3,12497,"Tory Horton"
1185347458376470528,2025,"complete","snake",3,9,"3.09",9,93,7,3,12497,"Tory Horton"
1185347458376470528,2025,"complete","snake",3,10,"3.10",10,38,2,7,12536,"Jaylin Noel"
1185347458376470528,2025,"complete","snake",3,10,"3.10",10,94,2,7,12536,"Jaylin Noel"
1185347458376470528,2025,"complete","snake",3,11,"3.11",11,39,12,10,12483,"Jack Bech"
1185347458376470528,2025,"complete","snake",3,11,"3.11",11,95,12,10,12483,"Jack Bech"
1185347458376470528,2025,"complete","snake",3,12,"3.12",12,40,10,8,12543,"Tahj Brooks"
1185347458376470528,2025,"complete","snake",3,12,"3.12",12,96,10,8,12543,"Tahj Brooks"
1185347458376470528,2025,"complete","snake",3,13,"3.13",13,41,8,9,12503,"Isaiah Bond"
1185347458376470528,2025,"complete","snake",3,13,"3.13",13,97,8,9,12503,"Isaiah Bond"
1185347458376470528,2025,"complete","snake",3,14,"3.14",14,42,1,8,12490,"Bhayshul Tuten"
1185347458376470528,2025,"complete","snake",3,14,"3.14",14,98,1,8,12490,"Bhayshul Tuten"
1185347458376470528,2025,"complete","snake",4,1,"4.01",14,43,1,7,12641,"Jaylin Lane"
1185347458376470528,2025,"complete","snake",4,1,"4.01",14,99,1,7,12641,"Jaylin Lane"
1185347458376470528,2025,"complete","snake",4,2,"4.02",13,44,8,5,12578,"Carson Schwesinger"
1185347458376470528,2025,"complete","snake",4,2,"4.02",13,100,8,5,12578,"Carson Schwesinger"
1185347458376470528,2025,"complete","snake",4,3,"4.03",12,45,10,9,12505,"Jalen Royals"
1185347458376470528,2025,"complete","snake",4,3,"4.03",12,101,10,9,12505,"Jalen Royals"
1185347458376470528,2025,"complete","snake",4,4,"4.04",11,46,12,9,12502,"Gunnar Helm"
1185347458376470528,2025,"complete","snake",4,4,"4.04",11,102,12,9,12502,"Gunnar Helm"
1185347458376470528,2025,"complete","snake",4,5,"4.05",10,47,2,11,12474,"Woody Marks"
1185347458376470528,2025,"complete","snake",4,5,"4.05",10,103,2,11,12474,"Woody Marks"
1185347458376470528,2025,"complete","snake",4,6,"4.06",9,48,7,10,12476,"Devin Neal"
1185347458376470528,2025,"complete","snake",4,6,"4.06",9,104,7,10,12476,"Devin Neal"
1185347458376470528,2025,"complete","snake",4,7,"4.07",8,49,4,4,12493,"Oronde Gadsden"
1185347458376470528,2025,"complete","snake",4,7,"4.07",8,105,4,4,12493,"Oronde Gadsden"
1185347458376470528,2025,"complete","snake",4,8,"4.08",7,50,11,14,12567,"Malaki Starks"
1185347458376470528,2025,"complete","snake",4,8,"4.08",7,106,11,14,12567,"Malaki Starks"
1185347458376470528,2025,"complete","snake",4,9,"4.09",6,51,5,3,12670,"KeAndre Lambert-Smith"
1185347458376470528,2025,"complete","snake",4,9,"4.09",6,107,5,3,12670,"KeAndre Lambert-Smith"
1185347458376470528,2025,"complete","snake",4,10,"4.10",5,52,3,6,12711,"Tyler Loop"
1185347458376470528,2025,"complete","snake",4,10,"4.10",5,108,3,6,12711,"Tyler Loop"
1185347458376470528,2025,"complete","snake",4,11,"4.11",4,53,14,13,12573,"Mason Graham"
1185347458376470528,2025,"complete","snake",4,11,"4.11",4,109,14,13,12573,"Mason Graham"
1185347458376470528,2025,"complete","snake",4,12,"4.12",3,54,6,8,12568,"Jalon Walker"
1185347458376470528,2025,"complete","snake",4,12,"4.12",3,110,6,8,12568,"Jalon Walker"
1185347458376470528,2025,"complete","snake",4,13,"4.13",2,55,13,13,12471,"DJ Giddens"
1185347458376470528,2025,"complete","snake",4,13,"4.13",2,111,13,13,12471,"DJ Giddens"
1185347458376470528,2025,"complete","snake",4,14,"4.14",1,56,9,10,12511,"Will Howard"
1185347458376470528,2025,"complete","snake",4,14,"4.14",1,112,9,10,12511,"Will Howard"
