"season","week","game_type","franchise_id","franchise_score","opponent_id","opponent_score","result","result_char"
2021,1,0,1,156.82,10,174.56,0,"L"
2021,1,0,2,179.92,8,130.58,1,"W"
2021,1,0,3,106.14,14,210.8,0,"L"
2021,1,0,4,143.24,13,176.28,0,"L"
2021,1,0,5,153.64,9,201.44,0,"L"
2021,1,0,6,198.36,11,163.86,1,"W"
2021,1,0,7,166.96,12,143.74,1,"W"
2021,1,0,8,130.58,2,179.92,0,"L"
2021,1,0,9,201.44,5,153.64,1,"W"
2021,1,0,10,174.56,1,156.82,1,"W"
2021,1,0,11,163.86,6,198.36,0,"L"
2021,1,0,12,143.74,7,166.96,0,"L"
2021,1,0,13,176.28,4,143.24,1,"W"
2021,1,0,14,210.8,3,106.14,1,"W"
2021,2,0,1,137.84,5,167.46,0,"L"
2021,2,0,2,189.34,6,141.86,1,"W"
2021,2,0,3,118.14,7,186.78,0,"L"
2021,2,0,4,126.92,11,160.66,0,"L"
2021,2,0,5,167.46,1,137.84,1,"W"
2021,2,0,6,141.86,2,189.34,0,"L"
2021,2,0,7,186.78,3,118.14,1,"W"
2021,2,0,8,143.34,9,206,0,"L"
2021,2,0,9,206,8,143.34,1,"W"
2021,2,0,10,118.84,12,160.94,0,"L"
2021,2,0,11,160.66,4,126.92,1,"W"
2021,2,0,12,160.94,10,118.84,1,"W"
2021,2,0,13,174.38,14,80.62,1,"W"
2021,2,0,14,80.62,13,174.38,0,"L"
2021,3,0,1,82.24,8,118.82,0,"L"
2021,3,0,2,185.42,4,138.72,1,"W"
2021,3,0,3,113.86,10,216.9,0,"L"
2021,3,0,4,138.72,2,185.42,0,"L"
2021,3,0,5,178.2,12,129.04,1,"W"
2021,3,0,6,151.1,9,129.08,1,"W"
2021,3,0,7,122.5,14,168.3,0,"L"
2021,3,0,8,118.82,1,82.24,1,"W"
2021,3,0,9,129.08,6,151.1,0,"L"
2021,3,0,10,216.9,3,113.86,1,"W"
2021,3,0,11,212.14,13,166.5,1,"W"
2021,3,0,12,129.04,5,178.2,0,"L"
2021,3,0,13,166.5,11,212.14,0,"L"
2021,3,0,14,168.3,7,122.5,1,"W"
2021,4,0,1,116.66,6,133.36,0,"L"
2021,4,0,2,128.98,13,214.28,0,"L"
2021,4,0,3,119.2,5,140.52,0,"L"
2021,4,0,4,158,9,145.24,1,"W"
2021,4,0,5,140.52,3,119.2,1,"W"
2021,4,0,6,133.36,1,116.66,1,"W"
2021,4,0,7,132.7,10,149.62,0,"L"
2021,4,0,8,199.5,12,135.62,1,"W"
2021,4,0,9,145.24,4,158,0,"L"
2021,4,0,10,149.62,7,132.7,1,"W"
2021,4,0,11,190.14,14,129.44,1,"W"
2021,4,0,12,135.62,8,199.5,0,"L"
2021,4,0,13,214.28,2,128.98,1,"W"
2021,4,0,14,129.44,11,190.14,0,"L"
2021,5,0,1,111.76,4,119,0,"L"
2021,5,0,2,186.1,11,193.48,0,"L"
2021,5,0,3,129.98,8,94.36,1,"W"
2021,5,0,4,119,1,111.76,1,"W"
2021,5,0,5,179.88,7,244.46,0,"L"
2021,5,0,6,159.38,12,179.18,0,"L"
2021,5,0,7,244.46,5,179.88,1,"W"
2021,5,0,8,94.36,3,129.98,0,"L"
2021,5,0,9,132.04,13,199.5,0,"L"
2021,5,0,10,144.88,14,178.96,0,"L"
2021,5,0,11,193.48,2,186.1,1,"W"
2021,5,0,12,179.18,6,159.38,1,"W"
2021,5,0,13,199.5,9,132.04,1,"W"
2021,5,0,14,178.96,10,144.88,1,"W"
2021,6,0,1,176.32,13,180.12,0,"L"
2021,6,0,2,131.04,14,138.68,0,"L"
2021,6,0,3,136.16,6,175.82,0,"L"
2021,6,0,4,200.84,12,134.5,1,"W"
2021,6,0,5,156.42,10,157.58,0,"L"
2021,6,0,6,175.82,3,136.16,1,"W"
2021,6,0,7,105.74,8,131.82,0,"L"
2021,6,0,8,131.82,7,105.74,1,"W"
2021,6,0,9,113.9,11,155.82,0,"L"
2021,6,0,10,157.58,5,156.42,1,"W"
2021,6,0,11,155.82,9,113.9,1,"W"
2021,6,0,12,134.5,4,200.84,0,"L"
2021,6,0,13,180.12,1,176.32,1,"W"
2021,6,0,14,138.68,2,131.04,1,"W"
2021,7,0,1,142.04,11,129,1,"W"
2021,7,0,2,148.68,9,146.32,1,"W"
2021,7,0,3,137.08,4,101.08,1,"W"
2021,7,0,4,101.08,3,137.08,0,"L"
2021,7,0,5,113.18,14,100.12,1,"W"
2021,7,0,6,163.48,7,168.06,0,"L"
2021,7,0,7,168.06,6,163.48,1,"W"
2021,7,0,8,151.36,10,141.88,1,"W"
2021,7,0,9,146.32,2,148.68,0,"L"
2021,7,0,10,141.88,8,151.36,0,"L"
2021,7,0,11,129,1,142.04,0,"L"
2021,7,0,12,76.98,13,181.64,0,"L"
2021,7,0,13,181.64,12,76.98,1,"W"
2021,7,0,14,100.12,5,113.18,0,"L"
2021,8,0,1,147.72,2,170.56,0,"L"
2021,8,0,2,170.56,1,147.72,1,"W"
2021,8,0,3,118.24,13,182.76,0,"L"
2021,8,0,4,141.78,7,121.9,1,"W"
2021,8,0,5,143.84,8,133.04,1,"W"
2021,8,0,6,148.48,10,116.9,1,"W"
2021,8,0,7,121.9,4,141.78,0,"L"
2021,8,0,8,133.04,5,143.84,0,"L"
2021,8,0,9,109,14,110.1,0,"L"
2021,8,0,10,116.9,6,148.48,0,"L"
2021,8,0,11,149,12,93.06,1,"W"
2021,8,0,12,93.06,11,149,0,"L"
2021,8,0,13,182.76,3,118.24,1,"W"
2021,8,0,14,110.1,9,109,1,"W"
2021,9,0,1,155.7,9,134.96,1,"W"
2021,9,0,2,136.62,12,97.84,1,"W"
2021,9,0,3,139.16,11,127.48,1,"W"
2021,9,0,4,88.1,10,81.56,1,"W"
2021,9,0,5,154.92,6,148.26,1,"W"
2021,9,0,6,148.26,5,154.92,0,"L"
2021,9,0,7,144.74,13,99.18,1,"W"
2021,9,0,8,116.08,14,148.6,0,"L"
2021,9,0,9,134.96,1,155.7,0,"L"
2021,9,0,10,81.56,4,88.1,0,"L"
2021,9,0,11,127.48,3,139.16,0,"L"
2021,9,0,12,97.84,2,136.62,0,"L"
2021,9,0,13,99.18,7,144.74,0,"L"
2021,9,0,14,148.6,8,116.08,1,"W"
2021,10,0,1,129.62,14,144.16,0,"L"
2021,10,0,2,160.44,3,127.5,1,"W"
2021,10,0,3,127.5,2,160.44,0,"L"
2021,10,0,4,124.9,5,124.64,1,"W"
2021,10,0,5,124.64,4,124.9,0,"L"
2021,10,0,6,140.24,8,44.9,1,"W"
2021,10,0,7,109.66,11,116.08,0,"L"
2021,10,0,8,44.9,6,140.24,0,"L"
2021,10,0,9,130.96,12,110.58,1,"W"
2021,10,0,10,126.54,13,169.32,0,"L"
2021,10,0,11,116.08,7,109.66,1,"W"
2021,10,0,12,110.58,9,130.96,0,"L"
2021,10,0,13,169.32,10,126.54,1,"W"
2021,10,0,14,144.16,1,129.62,1,"W"
2021,11,0,1,157.72,12,154.62,1,"W"
2021,11,0,2,165,7,98.78,1,"W"
2021,11,0,3,136.7,9,169.54,0,"L"
2021,11,0,4,98.38,8,119.2,0,"L"
2021,11,0,5,215.68,13,176.72,1,"W"
2021,11,0,6,168.36,14,98.36,1,"W"
2021,11,0,7,98.78,2,165,0,"L"
2021,11,0,8,119.2,4,98.38,1,"W"
2021,11,0,9,169.54,3,136.7,1,"W"
2021,11,0,10,121.62,11,150.28,0,"L"
2021,11,0,11,150.28,10,121.62,1,"W"
2021,11,0,12,154.62,1,157.72,0,"L"
2021,11,0,13,176.72,5,215.68,0,"L"
2021,11,0,14,98.36,6,168.36,0,"L"
2021,12,0,1,122.94,3,161,0,"L"
2021,12,0,2,126.4,10,108.9,1,"W"
2021,12,0,3,161,1,122.94,1,"W"
2021,12,0,4,132.6,6,119.26,1,"W"
2021,12,0,5,122.68,11,191.6,0,"L"
2021,12,0,6,119.26,4,132.6,0,"L"
2021,12,0,7,137.78,9,143.8,0,"L"
2021,12,0,8,129.68,13,164.7,0,"L"
2021,12,0,9,143.8,7,137.78,1,"W"
2021,12,0,10,108.9,2,126.4,0,"L"
2021,12,0,11,191.6,5,122.68,1,"W"
2021,12,0,12,140.34,14,94.62,1,"W"
2021,12,0,13,164.7,8,129.68,1,"W"
2021,12,0,14,94.62,12,140.34,0,"L"
2021,13,0,1,113.92,7,176.06,0,"L"
2021,13,0,2,210.84,5,173.86,1,"W"
2021,13,0,3,85.46,12,105.32,0,"L"
2021,13,0,4,216.26,14,102.72,1,"W"
2021,13,0,5,173.86,2,210.84,0,"L"
2021,13,0,6,138.42,13,155.92,0,"L"
2021,13,0,7,176.06,1,113.92,1,"W"
2021,13,0,8,104.4,11,108.4,0,"L"
2021,13,0,9,140.46,10,79.92,1,"W"
2021,13,0,10,79.92,9,140.46,0,"L"
2021,13,0,11,108.4,8,104.4,1,"W"
2021,13,0,12,105.32,3,85.46,1,"W"
2021,13,0,13,155.92,6,138.42,1,"W"
2021,13,0,14,102.72,4,216.26,0,"L"
2021,14,0,1,117.86,10,145.52,0,"L"
2021,14,0,2,173.04,8,100.52,1,"W"
2021,14,0,3,150.76,14,131.58,1,"W"
2021,14,0,4,159.98,13,157.1,1,"W"
2021,14,0,5,146.08,9,150.12,0,"L"
2021,14,0,6,198.66,11,167.42,1,"W"
2021,14,0,7,128.18,12,99.18,1,"W"
2021,14,0,8,100.52,2,173.04,0,"L"
2021,14,0,9,150.12,5,146.08,1,"W"
2021,14,0,10,145.52,1,117.86,1,"W"
2021,14,0,11,167.42,6,198.66,0,"L"
2021,14,0,12,99.18,7,128.18,0,"L"
2021,14,0,13,157.1,4,159.98,0,"L"
2021,14,0,14,131.58,3,150.76,0,"L"
2021,15,1,2,132.34,7,94.14,1,"W"
2021,15,1,4,154.42,13,204.32,0,"L"
2021,15,1,5,110.88,6,137.18,0,"L"
2021,15,1,6,137.18,5,110.88,1,"W"
2021,15,1,7,94.14,2,132.34,0,"L"
2021,15,1,9,151.24,11,103.14,1,"W"
2021,15,1,11,103.14,9,151.24,0,"L"
2021,15,1,13,204.32,4,154.42,1,"W"
2021,15,-2,1,100.04,3,111.86,0,"L"
2021,15,-2,3,111.86,1,100.04,1,"W"
2021,15,-2,8,65.88,12,145.14,0,"L"
2021,15,-2,12,145.14,8,65.88,1,"W"
2021,16,1,2,137.78,6,146.92,0,"L"
2021,16,1,6,146.92,2,137.78,1,"W"
2021,16,1,9,129.42,13,180.96,0,"L"
2021,16,1,13,180.96,9,129.42,1,"W"
2021,16,-1,4,109.58,11,112.06,0,"L"
2021,16,-1,5,116.18,7,195.14,0,"L"
2021,16,-1,7,195.14,5,116.18,1,"W"
2021,16,-1,11,112.06,4,109.58,1,"W"
2021,16,-2,1,115.76,8,126.8,0,"L"
2021,16,-2,3,92.3,10,118.24,0,"L"
2021,16,-2,8,126.8,1,115.76,1,"W"
2021,16,-2,10,118.24,3,92.3,1,"W"
2021,16,-2,12,104.28,14,211.16,0,"L"
2021,16,-2,14,211.16,12,104.28,1,"W"
2021,17,1,6,171.34,13,162.98,1,"W"
2021,17,1,13,162.98,6,171.34,0,"L"
2021,17,-1,2,139.36,9,138.4,1,"W"
2021,17,-1,4,155.54,5,148.3,1,"W"
2021,17,-1,5,148.3,4,155.54,0,"L"
2021,17,-1,7,156.04,11,90.18,1,"W"
2021,17,-1,9,138.4,2,139.36,0,"L"
2021,17,-1,11,90.18,7,156.04,0,"L"
2021,17,-2,3,116.58,12,114.58,1,"W"
2021,17,-2,10,118.16,14,165.64,0,"L"
2021,17,-2,12,114.58,3,116.58,0,"L"
2021,17,-2,14,165.64,10,118.16,1,"W"
2022,1,0,1,181.5,14,147.82,1,"W"
2022,1,0,2,218.38,13,280.24,0,"L"
2022,1,0,3,183.82,5,227.78,0,"L"
2022,1,0,4,223.7,6,166.5,1,"W"
2022,1,0,5,227.78,3,183.82,1,"W"
2022,1,0,6,166.5,4,223.7,0,"L"
2022,1,0,7,231.12,12,172.86,1,"W"
2022,1,0,8,218.42,10,210.88,1,"W"
2022,1,0,9,208.2,11,194.16,1,"W"
2022,1,0,10,210.88,8,218.42,0,"L"
2022,1,0,11,194.16,9,208.2,0,"L"
2022,1,0,12,172.86,7,231.12,0,"L"
2022,1,0,13,280.24,2,218.38,1,"W"
2022,1,0,14,147.82,1,181.5,0,"L"
2022,2,0,1,196.2,10,198.56,0,"L"
2022,2,0,2,227.68,6,198.56,1,"W"
2022,2,0,3,177.86,14,186.88,0,"L"
2022,2,0,4,148.12,7,259.42,0,"L"
2022,2,0,5,193.5,12,267.86,0,"L"
2022,2,0,6,198.56,2,227.68,0,"L"
2022,2,0,7,259.42,4,148.12,1,"W"
2022,2,0,8,199.44,11,143.28,1,"W"
2022,2,0,9,209.68,13,279.7,0,"L"
2022,2,0,10,198.56,1,196.2,1,"W"
2022,2,0,11,143.28,8,199.44,0,"L"
2022,2,0,12,267.86,5,193.5,1,"W"
2022,2,0,13,279.7,9,209.68,1,"W"
2022,2,0,14,186.88,3,177.86,1,"W"
2022,3,0,1,211.54,11,142.88,1,"W"
2022,3,0,2,209.72,12,180.28,1,"W"
2022,3,0,3,182.74,7,221.6,0,"L"
2022,3,0,4,142.12,14,218.98,0,"L"
2022,3,0,5,176.44,9,249.32,0,"L"
2022,3,0,6,276.9,8,212.16,1,"W"
2022,3,0,7,221.6,3,182.74,1,"W"
2022,3,0,8,212.16,6,276.9,0,"L"
2022,3,0,9,249.32,5,176.44,1,"W"
2022,3,0,10,145.98,13,182.34,0,"L"
2022,3,0,11,142.88,1,211.54,0,"L"
2022,3,0,12,180.28,2,209.72,0,"L"
2022,3,0,13,182.34,10,145.98,1,"W"
2022,3,0,14,218.98,4,142.12,1,"W"
2022,4,0,1,231.48,7,242.62,0,"L"
2022,4,0,2,208.26,10,187.9,1,"W"
2022,4,0,3,171.42,13,233.56,0,"L"
2022,4,0,4,156.42,9,237.42,0,"L"
2022,4,0,5,214.78,14,175.46,1,"W"
2022,4,0,6,186.6,11,172.16,1,"W"
2022,4,0,7,242.62,1,231.48,1,"W"
2022,4,0,8,184.24,12,216.62,0,"L"
2022,4,0,9,237.42,4,156.42,1,"W"
2022,4,0,10,187.9,2,208.26,0,"L"
2022,4,0,11,172.16,6,186.6,0,"L"
2022,4,0,12,216.62,8,184.24,1,"W"
2022,4,0,13,233.56,3,171.42,1,"W"
2022,4,0,14,175.46,5,214.78,0,"L"
2022,5,0,1,186.32,3,213.92,0,"L"
2022,5,0,2,195.24,7,187.94,1,"W"
2022,5,0,3,213.92,1,186.32,1,"W"
2022,5,0,4,157.9,11,183.4,0,"L"
2022,5,0,5,213.88,6,215.52,0,"L"
2022,5,0,6,215.52,5,213.88,1,"W"
2022,5,0,7,187.94,2,195.24,0,"L"
2022,5,0,8,176.5,13,235.72,0,"L"
2022,5,0,9,238.34,12,125.5,1,"W"
2022,5,0,10,166.64,14,177.3,0,"L"
2022,5,0,11,183.4,4,157.9,1,"W"
2022,5,0,12,125.5,9,238.34,0,"L"
2022,5,0,13,235.72,8,176.5,1,"W"
2022,5,0,14,177.3,10,166.64,1,"W"
2022,6,0,1,167.44,13,200.46,0,"L"
2022,6,0,2,232.34,4,126.52,1,"W"
2022,6,0,3,196.46,8,198.32,0,"L"
2022,6,0,4,126.52,2,232.34,0,"L"
2022,6,0,5,221.84,7,194.12,1,"W"
2022,6,0,6,198.32,10,135.72,1,"W"
2022,6,0,7,194.12,5,221.84,0,"L"
2022,6,0,8,198.32,3,196.46,1,"W"
2022,6,0,9,135.2,14,188.66,0,"L"
2022,6,0,10,135.72,6,198.32,0,"L"
2022,6,0,11,177.32,12,165.06,1,"W"
2022,6,0,12,165.06,11,177.32,0,"L"
2022,6,0,13,200.46,1,167.44,1,"W"
2022,6,0,14,188.66,9,135.2,1,"W"
2022,7,0,1,241.5,12,197.32,1,"W"
2022,7,0,2,196.24,9,203.24,0,"L"
2022,7,0,3,155.02,4,155.96,0,"L"
2022,7,0,4,155.96,3,155.02,1,"W"
2022,7,0,5,219.96,8,181.94,1,"W"
2022,7,0,6,183.06,14,143.14,1,"W"
2022,7,0,7,253.32,10,180.44,1,"W"
2022,7,0,8,181.94,5,219.96,0,"L"
2022,7,0,9,203.24,2,196.24,1,"W"
2022,7,0,10,180.44,7,253.32,0,"L"
2022,7,0,11,152.42,13,169.52,0,"L"
2022,7,0,12,197.32,1,241.5,0,"L"
2022,7,0,13,169.52,11,152.42,1,"W"
2022,7,0,14,143.14,6,183.06,0,"L"
2022,8,0,1,167.74,4,181.28,0,"L"
2022,8,0,2,248.22,13,241.64,1,"W"
2022,8,0,3,220.1,14,188.32,1,"W"
2022,8,0,4,181.28,1,167.74,1,"W"
2022,8,0,5,242.08,6,266.7,0,"L"
2022,8,0,6,266.7,5,242.08,1,"W"
2022,8,0,7,186.52,11,190.72,0,"L"
2022,8,0,8,175.46,9,172.14,1,"W"
2022,8,0,9,172.14,8,175.46,0,"L"
2022,8,0,10,164.08,12,149.1,1,"W"
2022,8,0,11,190.72,7,186.52,1,"W"
2022,8,0,12,149.1,10,164.08,0,"L"
2022,8,0,13,241.64,2,248.22,0,"L"
2022,8,0,14,188.32,3,220.1,0,"L"
2022,9,0,1,120.72,3,145.76,0,"L"
2022,9,0,2,214.9,8,200.54,1,"W"
2022,9,0,3,145.76,1,120.72,1,"W"
2022,9,0,4,212.24,12,172.9,1,"W"
2022,9,0,5,181.06,7,201.16,0,"L"
2022,9,0,6,206.34,11,150.2,1,"W"
2022,9,0,7,201.16,5,181.06,1,"W"
2022,9,0,8,200.54,2,214.9,0,"L"
2022,9,0,9,186.04,10,159.18,1,"W"
2022,9,0,10,159.18,9,186.04,0,"L"
2022,9,0,11,150.2,6,206.34,0,"L"
2022,9,0,12,172.9,4,212.24,0,"L"
2022,9,0,13,181.26,14,142.26,1,"W"
2022,9,0,14,142.26,13,181.26,0,"L"
2022,10,0,1,173.66,13,176.16,0,"L"
2022,10,0,2,214.28,14,204.54,1,"W"
2022,10,0,3,176.26,11,131.7,1,"W"
2022,10,0,4,189.66,8,156.5,1,"W"
2022,10,0,5,215.28,9,162.26,1,"W"
2022,10,0,6,233.42,12,155.84,1,"W"
2022,10,0,7,238.54,10,137.82,1,"W"
2022,10,0,8,156.5,4,189.66,0,"L"
2022,10,0,9,162.26,5,215.28,0,"L"
2022,10,0,10,137.82,7,238.54,0,"L"
2022,10,0,11,131.7,3,176.26,0,"L"
2022,10,0,12,155.84,6,233.42,0,"L"
2022,10,0,13,176.16,1,173.66,1,"W"
2022,10,0,14,204.54,2,214.28,0,"L"
2022,11,0,1,183.66,9,214.78,0,"L"
2022,11,0,2,226.58,5,181.98,1,"W"
2022,11,0,3,268.3,6,226.68,1,"W"
2022,11,0,4,153,7,223.52,0,"L"
2022,11,0,5,181.98,2,226.58,0,"L"
2022,11,0,6,226.68,3,268.3,0,"L"
2022,11,0,7,223.52,4,153,1,"W"
2022,11,0,8,200.36,10,133.7,1,"W"
2022,11,0,9,214.78,1,183.66,1,"W"
2022,11,0,10,133.7,8,200.36,0,"L"
2022,11,0,11,102.28,13,182.28,0,"L"
2022,11,0,12,141.2,14,228.08,0,"L"
2022,11,0,13,182.28,11,102.28,1,"W"
2022,11,0,14,228.08,12,141.2,1,"W"
2022,12,0,1,119.32,5,181.98,0,"L"
2022,12,0,2,229.28,3,243.8,0,"L"
2022,12,0,3,243.8,2,229.28,1,"W"
2022,12,0,4,201.58,13,204.04,0,"L"
2022,12,0,5,181.98,1,119.32,1,"W"
2022,12,0,6,173.14,7,259.66,0,"L"
2022,12,0,7,259.66,6,173.14,1,"W"
2022,12,0,8,122,12,239.86,0,"L"
2022,12,0,9,198.5,11,192.92,1,"W"
2022,12,0,10,197.6,14,222.2,0,"L"
2022,12,0,11,192.92,9,198.5,0,"L"
2022,12,0,12,239.86,8,122,1,"W"
2022,12,0,13,204.04,4,201.58,1,"W"
2022,12,0,14,222.2,10,197.6,1,"W"
2022,13,0,1,195.16,6,256.04,0,"L"
2022,13,0,2,218.66,12,146.34,1,"W"
2022,13,0,3,192.38,8,217.04,0,"L"
2022,13,0,4,244.88,9,206.7,1,"W"
2022,13,0,5,212.76,10,185.34,1,"W"
2022,13,0,6,256.04,1,195.16,1,"W"
2022,13,0,7,165.16,13,185.92,0,"L"
2022,13,0,8,217.04,3,192.38,1,"W"
2022,13,0,9,206.7,4,244.88,0,"L"
2022,13,0,10,185.34,5,212.76,0,"L"
2022,13,0,11,130.98,14,190.68,0,"L"
2022,13,0,12,146.34,2,218.66,0,"L"
2022,13,0,13,185.92,7,165.16,1,"W"
2022,13,0,14,190.68,11,130.98,1,"W"
2022,14,0,1,123.86,12,210.52,0,"L"
2022,14,0,2,162.48,6,249.92,0,"L"
2022,14,0,3,198.36,9,186.98,1,"W"
2022,14,0,4,151.28,14,177.86,0,"L"
2022,14,0,5,290.1,13,162.08,1,"W"
2022,14,0,6,249.92,2,162.48,1,"W"
2022,14,0,7,184.58,8,149.36,1,"W"
2022,14,0,8,149.36,7,184.58,0,"L"
2022,14,0,9,186.98,3,198.36,0,"L"
2022,14,0,10,137.22,11,117,1,"W"
2022,14,0,11,117,10,137.22,0,"L"
2022,14,0,12,210.52,1,123.86,1,"W"
2022,14,0,13,162.08,5,290.1,0,"L"
2022,14,0,14,177.86,4,151.28,1,"W"
2022,15,1,2,226.42,5,288.36,0,"L"
2022,15,1,3,142.1,13,212.44,0,"L"
2022,15,1,5,288.36,2,226.42,1,"W"
2022,15,1,6,225.28,7,222.62,1,"W"
2022,15,1,7,222.62,6,225.28,0,"L"
2022,15,1,9,138.52,14,197.84,0,"L"
2022,15,1,13,212.44,3,142.1,1,"W"
2022,15,1,14,197.84,9,138.52,1,"W"
2022,15,-2,1,205.78,10,201.84,1,"W"
2022,15,-2,10,201.84,1,205.78,0,"L"
2022,15,-2,11,160.36,12,159.76,1,"W"
2022,15,-2,12,159.76,11,160.36,0,"L"
2022,16,1,5,247.46,6,201.18,1,"W"
2022,16,1,6,201.18,5,247.46,0,"L"
2022,16,1,13,214.14,14,215.18,0,"L"
2022,16,1,14,215.18,13,214.14,1,"W"
2022,16,-1,2,237.32,7,189.34,1,"W"
2022,16,-1,3,233.7,9,183.86,1,"W"
2022,16,-1,7,189.34,2,237.32,0,"L"
2022,16,-1,9,183.86,3,233.7,0,"L"
2022,16,-2,1,192.12,8,240.7,0,"L"
2022,16,-2,4,162.78,11,126.18,1,"W"
2022,16,-2,8,240.7,1,192.12,1,"W"
2022,16,-2,10,168.54,12,165.5,1,"W"
2022,16,-2,11,126.18,4,162.78,0,"L"
2022,16,-2,12,165.5,10,168.54,0,"L"
2022,17,1,5,198,14,179,1,"W"
2022,17,1,14,179,5,198,0,"L"
2022,17,-1,2,239.54,3,155.28,1,"W"
2022,17,-1,3,155.28,2,239.54,0,"L"
2022,17,-1,6,164.74,13,215.88,0,"L"
2022,17,-1,7,151.02,9,158.4,0,"L"
2022,17,-1,9,158.4,7,151.02,1,"W"
2022,17,-1,13,215.88,6,164.74,1,"W"
2022,17,-2,1,177.58,11,157.62,1,"W"
2022,17,-2,4,142.88,8,106.78,1,"W"
2022,17,-2,8,106.78,4,142.88,0,"L"
2022,17,-2,11,157.62,1,177.58,0,"L"
2023,1,0,1,193.94,11,120.54,1,"W"
2023,1,0,2,154.42,7,195.6,0,"L"
2023,1,0,3,186.52,8,209.8,0,"L"
2023,1,0,4,125.08,12,211,0,"L"
2023,1,0,5,223.96,14,174.32,1,"W"
2023,1,0,6,200.84,13,214.78,0,"L"
2023,1,0,7,195.6,2,154.42,1,"W"
2023,1,0,8,209.8,3,186.52,1,"W"
2023,1,0,9,128.62,10,184.08,0,"L"
2023,1,0,10,184.08,9,128.62,1,"W"
2023,1,0,11,120.54,1,193.94,0,"L"
2023,1,0,12,211,4,125.08,1,"W"
2023,1,0,13,214.78,6,200.84,1,"W"
2023,1,0,14,174.32,5,223.96,0,"L"
2023,2,0,1,246.46,6,182.18,1,"W"
2023,2,0,2,194.62,10,168.28,1,"W"
2023,2,0,3,198.16,14,160.3,1,"W"
2023,2,0,4,250.82,13,213.06,1,"W"
2023,2,0,5,224.86,11,181.48,1,"W"
2023,2,0,6,182.18,1,246.46,0,"L"
2023,2,0,7,226.88,9,203.24,1,"W"
2023,2,0,8,180.32,12,202.94,0,"L"
2023,2,0,9,203.24,7,226.88,0,"L"
2023,2,0,10,168.28,2,194.62,0,"L"
2023,2,0,11,181.48,5,224.86,0,"L"
2023,2,0,12,202.94,8,180.32,1,"W"
2023,2,0,13,213.06,4,250.82,0,"L"
2023,2,0,14,160.3,3,198.16,0,"L"
2023,3,0,1,198.3,5,249.96,0,"L"
2023,3,0,2,215.74,12,184.62,1,"W"
2023,3,0,3,167.68,9,176.44,0,"L"
2023,3,0,4,185.84,11,173.5,1,"W"
2023,3,0,5,249.96,1,198.3,1,"W"
2023,3,0,6,239.02,14,234.12,1,"W"
2023,3,0,7,272.26,13,234.5,1,"W"
2023,3,0,8,150.46,10,218.16,0,"L"
2023,3,0,9,176.44,3,167.68,1,"W"
2023,3,0,10,218.16,8,150.46,1,"W"
2023,3,0,11,173.5,4,185.84,0,"L"
2023,3,0,12,184.62,2,215.74,0,"L"
2023,3,0,13,234.5,7,272.26,0,"L"
2023,3,0,14,234.12,6,239.02,0,"L"
2023,4,0,1,228.62,12,168.28,1,"W"
2023,4,0,2,255.28,13,188.86,1,"W"
2023,4,0,3,188.6,5,205.76,0,"L"
2023,4,0,4,220,8,156.7,1,"W"
2023,4,0,5,205.76,3,188.6,1,"W"
2023,4,0,6,198.7,9,101.08,1,"W"
2023,4,0,7,178.66,14,172.94,1,"W"
2023,4,0,8,156.7,4,220,0,"L"
2023,4,0,9,101.08,6,198.7,0,"L"
2023,4,0,10,147.54,11,203.86,0,"L"
2023,4,0,11,203.86,10,147.54,1,"W"
2023,4,0,12,168.28,1,228.62,0,"L"
2023,4,0,13,188.86,2,255.28,0,"L"
2023,4,0,14,172.94,7,178.66,0,"L"
2023,5,0,1,228.08,8,162.8,1,"W"
2023,5,0,2,202.54,5,277.28,0,"L"
2023,5,0,3,111.2,6,213.38,0,"L"
2023,5,0,4,255.16,7,218.78,1,"W"
2023,5,0,5,277.28,2,202.54,1,"W"
2023,5,0,6,213.38,3,111.2,1,"W"
2023,5,0,7,218.78,4,255.16,0,"L"
2023,5,0,8,162.8,1,228.08,0,"L"
2023,5,0,9,195.04,13,234.02,0,"L"
2023,5,0,10,165,14,147.86,1,"W"
2023,5,0,11,183.48,12,101.48,1,"W"
2023,5,0,12,101.48,11,183.48,0,"L"
2023,5,0,13,234.02,9,195.04,1,"W"
2023,5,0,14,147.86,10,165,0,"L"
2023,6,0,1,222.84,3,169.64,1,"W"
2023,6,0,2,192.94,14,211.78,0,"L"
2023,6,0,3,169.64,1,222.84,0,"L"
2023,6,0,4,197.78,6,142.64,1,"W"
2023,6,0,5,170.6,7,201.56,0,"L"
2023,6,0,6,142.64,4,197.78,0,"L"
2023,6,0,7,201.56,5,170.6,1,"W"
2023,6,0,8,171.98,11,170.76,1,"W"
2023,6,0,9,248.24,12,152.32,1,"W"
2023,6,0,10,115.96,13,220.9,0,"L"
2023,6,0,11,170.76,8,171.98,0,"L"
2023,6,0,12,152.32,9,248.24,0,"L"
2023,6,0,13,220.9,10,115.96,1,"W"
2023,6,0,14,211.78,2,192.94,1,"W"
2023,7,0,1,194.92,13,210.46,0,"L"
2023,7,0,2,216.84,3,134.04,1,"W"
2023,7,0,3,134.04,2,216.84,0,"L"
2023,7,0,4,198.3,10,81.14,1,"W"
2023,7,0,5,251.52,9,215.2,1,"W"
2023,7,0,6,174.04,12,153.3,1,"W"
2023,7,0,7,210.94,8,129.72,1,"W"
2023,7,0,8,129.72,7,210.94,0,"L"
2023,7,0,9,215.2,5,251.52,0,"L"
2023,7,0,10,81.14,4,198.3,0,"L"
2023,7,0,11,119.56,14,207.2,0,"L"
2023,7,0,12,153.3,6,174.04,0,"L"
2023,7,0,13,210.46,1,194.92,1,"W"
2023,7,0,14,207.2,11,119.56,1,"W"
2023,8,0,1,261.92,2,239.08,1,"W"
2023,8,0,2,239.08,1,261.92,0,"L"
2023,8,0,3,152.1,12,171.8,0,"L"
2023,8,0,4,188.56,9,144.68,1,"W"
2023,8,0,5,224.68,8,185.62,1,"W"
2023,8,0,6,256.88,10,122.56,1,"W"
2023,8,0,7,187.28,11,184.72,1,"W"
2023,8,0,8,185.62,5,224.68,0,"L"
2023,8,0,9,144.68,4,188.56,0,"L"
2023,8,0,10,122.56,6,256.88,0,"L"
2023,8,0,11,184.72,7,187.28,0,"L"
2023,8,0,12,171.8,3,152.1,1,"W"
2023,8,0,13,220.82,14,264.48,0,"L"
2023,8,0,14,264.48,13,220.82,1,"W"
2023,9,0,1,236.84,10,108.74,1,"W"
2023,9,0,2,143.8,6,162.4,0,"L"
2023,9,0,3,149.38,13,198.62,0,"L"
2023,9,0,4,197.44,5,141.26,1,"W"
2023,9,0,5,141.26,4,197.44,0,"L"
2023,9,0,6,162.4,2,143.8,1,"W"
2023,9,0,7,209.88,12,195.26,1,"W"
2023,9,0,8,129.72,14,209.38,0,"L"
2023,9,0,9,200.44,11,200.7,0,"L"
2023,9,0,10,108.74,1,236.84,0,"L"
2023,9,0,11,200.7,9,200.44,1,"W"
2023,9,0,12,195.26,7,209.88,0,"L"
2023,9,0,13,198.62,3,149.38,1,"W"
2023,9,0,14,209.38,8,129.72,1,"W"
2023,10,0,1,228.76,7,171.54,1,"W"
2023,10,0,2,213.56,9,167.24,1,"W"
2023,10,0,3,149.96,10,178.4,0,"L"
2023,10,0,4,150.84,14,258.28,0,"L"
2023,10,0,5,193.82,12,170.72,1,"W"
2023,10,0,6,233.84,11,145.56,1,"W"
2023,10,0,7,171.54,1,228.76,0,"L"
2023,10,0,8,173.58,13,240.98,0,"L"
2023,10,0,9,167.24,2,213.56,0,"L"
2023,10,0,10,178.4,3,149.96,1,"W"
2023,10,0,11,145.56,6,233.84,0,"L"
2023,10,0,12,170.72,5,193.82,0,"L"
2023,10,0,13,240.98,8,173.58,1,"W"
2023,10,0,14,258.28,4,150.84,1,"W"
2023,11,0,1,219.34,12,145.5,1,"W"
2023,11,0,2,239.66,4,152.64,1,"W"
2023,11,0,3,141.62,7,180.3,0,"L"
2023,11,0,4,152.64,2,239.66,0,"L"
2023,11,0,5,202.22,10,125.22,1,"W"
2023,11,0,6,218.3,8,203.34,1,"W"
2023,11,0,7,180.3,3,141.62,1,"W"
2023,11,0,8,203.34,6,218.3,0,"L"
2023,11,0,9,146.28,14,138.5,1,"W"
2023,11,0,10,125.22,5,202.22,0,"L"
2023,11,0,11,157.2,13,182.64,0,"L"
2023,11,0,12,145.5,1,219.34,0,"L"
2023,11,0,13,182.64,11,157.2,1,"W"
2023,11,0,14,138.5,9,146.28,0,"L"
2023,12,0,1,230.94,4,199.94,1,"W"
2023,12,0,2,254.5,13,225.38,1,"W"
2023,12,0,3,209.76,11,225.16,0,"L"
2023,12,0,4,199.94,1,230.94,0,"L"
2023,12,0,5,167.7,6,179.52,0,"L"
2023,12,0,6,179.52,5,167.7,1,"W"
2023,12,0,7,209.7,14,225.74,0,"L"
2023,12,0,8,165.66,9,198.74,0,"L"
2023,12,0,9,198.74,8,165.66,1,"W"
2023,12,0,10,154.88,12,177.3,0,"L"
2023,12,0,11,225.16,3,209.76,1,"W"
2023,12,0,12,177.3,10,154.88,1,"W"
2023,12,0,13,225.38,2,254.5,0,"L"
2023,12,0,14,225.74,7,209.7,1,"W"
2023,13,0,1,222.14,14,207.32,1,"W"
2023,13,0,2,203.86,11,154.02,1,"W"
2023,13,0,3,163.46,5,193.56,0,"L"
2023,13,0,4,171.64,8,212.22,0,"L"
2023,13,0,5,193.56,3,163.46,1,"W"
2023,13,0,6,213.28,9,166.3,1,"W"
2023,13,0,7,131.5,10,162.22,0,"L"
2023,13,0,8,212.22,4,171.64,1,"W"
2023,13,0,9,166.3,6,213.28,0,"L"
2023,13,0,10,162.22,7,131.5,1,"W"
2023,13,0,11,154.02,2,203.86,0,"L"
2023,13,0,12,102.3,13,154.52,0,"L"
2023,13,0,13,154.52,12,102.3,1,"W"
2023,13,0,14,207.32,1,222.14,0,"L"
2023,14,0,1,197.28,9,213.2,0,"L"
2023,14,0,2,186.66,8,196,0,"L"
2023,14,0,3,128,4,217.18,0,"L"
2023,14,0,4,217.18,3,128,1,"W"
2023,14,0,5,192.9,13,213.38,0,"L"
2023,14,0,6,188.6,7,112.04,1,"W"
2023,14,0,7,112.04,6,188.6,0,"L"
2023,14,0,8,196,2,186.66,1,"W"
2023,14,0,9,213.2,1,197.28,1,"W"
2023,14,0,10,124.68,11,165.4,0,"L"
2023,14,0,11,165.4,10,124.68,1,"W"
2023,14,0,12,149.1,14,194.66,0,"L"
2023,14,0,13,213.38,5,192.9,1,"W"
2023,14,0,14,194.66,12,149.1,1,"W"
2023,15,1,2,199.66,6,197.84,1,"W"
2023,15,1,4,182.54,7,195.84,0,"L"
2023,15,1,5,225.46,13,181.68,1,"W"
2023,15,1,6,197.84,2,199.66,0,"L"
2023,15,1,7,195.84,4,182.54,1,"W"
2023,15,1,13,181.68,5,225.46,0,"L"
2023,15,-2,8,172.5,10,114.14,1,"W"
2023,15,-2,9,187.86,12,178.04,1,"W"
2023,15,-2,10,114.14,8,172.5,0,"L"
2023,15,-2,12,178.04,9,187.86,0,"L"
2023,16,1,1,293.2,7,188.88,1,"W"
2023,16,1,2,236.12,5,205.72,1,"W"
2023,16,1,5,205.72,2,236.12,0,"L"
2023,16,1,7,188.88,1,293.2,0,"L"
2023,16,-1,6,132.74,13,196.98,0,"L"
2023,16,-1,13,196.98,6,132.74,1,"W"
2023,16,-2,8,226.94,11,205.42,1,"W"
2023,16,-2,9,136.4,14,239.02,0,"L"
2023,16,-2,10,141.3,12,177.58,0,"L"
2023,16,-2,11,205.42,8,226.94,0,"L"
2023,16,-2,12,177.58,10,141.3,1,"W"
2023,16,-2,14,239.02,9,136.4,1,"W"
2023,17,1,1,251.28,2,265.06,0,"L"
2023,17,1,2,265.06,1,251.28,1,"W"
2023,17,-1,4,222.28,13,148.14,1,"W"
2023,17,-1,5,220.9,7,200.34,1,"W"
2023,17,-1,7,200.34,5,220.9,0,"L"
2023,17,-1,13,148.14,4,222.28,0,"L"
2023,17,-2,8,153.76,14,188.98,0,"L"
2023,17,-2,9,141.5,11,213.14,0,"L"
2023,17,-2,11,213.14,9,141.5,1,"W"
2023,17,-2,14,188.98,8,153.76,1,"W"
2024,1,0,1,198.42,2,193.36,1,"W"
2024,1,0,2,193.36,1,198.42,0,"L"
2024,1,0,3,239.18,10,165.38,1,"W"
2024,1,0,4,138.04,7,174.66,0,"L"
2024,1,0,5,215.38,14,163.96,1,"W"
2024,1,0,6,120.22,13,204.3,0,"L"
2024,1,0,7,174.66,4,138.04,1,"W"
2024,1,0,8,225.14,9,124.44,1,"W"
2024,1,0,9,124.44,8,225.14,0,"L"
2024,1,0,10,165.38,3,239.18,0,"L"
2024,1,0,11,163.5,12,220.12,0,"L"
2024,1,0,12,220.12,11,163.5,1,"W"
2024,1,0,13,204.3,6,120.22,1,"W"
2024,1,0,14,163.96,5,215.38,0,"L"
2024,2,0,1,221.3,3,232.82,0,"L"
2024,2,0,2,301.38,6,154.3,1,"W"
2024,2,0,3,232.82,1,221.3,1,"W"
2024,2,0,4,167.78,13,154.8,1,"W"
2024,2,0,5,272.62,7,172.62,1,"W"
2024,2,0,6,154.3,2,301.38,0,"L"
2024,2,0,7,172.62,5,272.62,0,"L"
2024,2,0,8,203.48,12,162.38,1,"W"
2024,2,0,9,153.28,10,215.5,0,"L"
2024,2,0,10,215.5,9,153.28,1,"W"
2024,2,0,11,176.18,14,176.62,0,"L"
2024,2,0,12,162.38,8,203.48,0,"L"
2024,2,0,13,154.8,4,167.78,0,"L"
2024,2,0,14,176.62,11,176.18,1,"W"
2024,3,0,1,156.58,11,229.66,0,"L"
2024,3,0,2,193.52,9,109.36,1,"W"
2024,3,0,3,162.06,13,182.38,0,"L"
2024,3,0,4,178.6,14,183.04,0,"L"
2024,3,0,5,199.46,12,231.9,0,"L"
2024,3,0,6,175.82,10,229.5,0,"L"
2024,3,0,7,175.66,8,231.34,0,"L"
2024,3,0,8,231.34,7,175.66,1,"W"
2024,3,0,9,109.36,2,193.52,0,"L"
2024,3,0,10,229.5,6,175.82,1,"W"
2024,3,0,11,229.66,1,156.58,1,"W"
2024,3,0,12,231.9,5,199.46,1,"W"
2024,3,0,13,182.38,3,162.06,1,"W"
2024,3,0,14,183.04,4,178.6,1,"W"
2024,4,0,1,180.56,6,149.12,1,"W"
2024,4,0,2,227.54,13,224.86,1,"W"
2024,4,0,3,211.88,8,189.32,1,"W"
2024,4,0,4,182.48,5,177.82,1,"W"
2024,4,0,5,177.82,4,182.48,0,"L"
2024,4,0,6,149.12,1,180.56,0,"L"
2024,4,0,7,192.32,14,147.04,1,"W"
2024,4,0,8,189.32,3,211.88,0,"L"
2024,4,0,9,119.16,12,196.56,0,"L"
2024,4,0,10,222.14,11,164.62,1,"W"
2024,4,0,11,164.62,10,222.14,0,"L"
2024,4,0,12,196.56,9,119.16,1,"W"
2024,4,0,13,224.86,2,227.54,0,"L"
2024,4,0,14,147.04,7,192.32,0,"L"
2024,5,0,1,203.84,9,175.56,1,"W"
2024,5,0,2,249.4,11,235.34,1,"W"
2024,5,0,3,167.36,5,242.24,0,"L"
2024,5,0,4,193.24,8,235.88,0,"L"
2024,5,0,5,242.24,3,167.36,1,"W"
2024,5,0,6,146.72,12,180.72,0,"L"
2024,5,0,7,195.42,10,213.54,0,"L"
2024,5,0,8,235.88,4,193.24,1,"W"
2024,5,0,9,175.56,1,203.84,0,"L"
2024,5,0,10,213.54,7,195.42,1,"W"
2024,5,0,11,235.34,2,249.4,0,"L"
2024,5,0,12,180.72,6,146.72,1,"W"
2024,5,0,13,160,14,215.38,0,"L"
2024,5,0,14,215.38,13,160,1,"W"
2024,6,0,1,246.26,14,205.62,1,"W"
2024,6,0,2,225.76,10,181.98,1,"W"
2024,6,0,3,127.3,7,174.9,0,"L"
2024,6,0,4,160.32,12,206.18,0,"L"
2024,6,0,5,125.4,8,221.62,0,"L"
2024,6,0,6,192.26,11,184.1,1,"W"
2024,6,0,7,174.9,3,127.3,1,"W"
2024,6,0,8,221.62,5,125.4,1,"W"
2024,6,0,9,190.14,13,174.86,1,"W"
2024,6,0,10,181.98,2,225.76,0,"L"
2024,6,0,11,184.1,6,192.26,0,"L"
2024,6,0,12,206.18,4,160.32,1,"W"
2024,6,0,13,174.86,9,190.14,0,"L"
2024,6,0,14,205.62,1,246.26,0,"L"
2024,7,0,1,187.9,7,199.7,0,"L"
2024,7,0,2,181.56,4,188.34,0,"L"
2024,7,0,3,187.86,9,141.1,1,"W"
2024,7,0,4,188.34,2,181.56,1,"W"
2024,7,0,5,170.78,6,177.02,0,"L"
2024,7,0,6,177.02,5,170.78,1,"W"
2024,7,0,7,199.7,1,187.9,1,"W"
2024,7,0,8,204.2,11,213.88,0,"L"
2024,7,0,9,141.1,3,187.86,0,"L"
2024,7,0,10,185.44,13,129.46,1,"W"
2024,7,0,11,213.88,8,204.2,1,"W"
2024,7,0,12,184.66,14,143.9,1,"W"
2024,7,0,13,129.46,10,185.44,0,"L"
2024,7,0,14,143.9,12,184.66,0,"L"
2024,8,0,1,221.28,12,278.7,0,"L"
2024,8,0,2,264.24,3,179.6,1,"W"
2024,8,0,3,179.6,2,264.24,0,"L"
2024,8,0,4,192.22,6,181.32,1,"W"
2024,8,0,5,206.7,11,209.26,0,"L"
2024,8,0,6,181.32,4,192.22,0,"L"
2024,8,0,7,192.64,13,141.66,1,"W"
2024,8,0,8,206.06,10,250.24,0,"L"
2024,8,0,9,152.14,14,176.6,0,"L"
2024,8,0,10,250.24,8,206.06,1,"W"
2024,8,0,11,209.26,5,206.7,1,"W"
2024,8,0,12,278.7,1,221.28,1,"W"
2024,8,0,13,141.66,7,192.64,0,"L"
2024,8,0,14,176.6,9,152.14,1,"W"
2024,9,0,1,183.32,13,119.02,1,"W"
2024,9,0,2,241.08,8,329.9,0,"L"
2024,9,0,3,188.1,12,238.76,0,"L"
2024,9,0,4,181.74,11,203,0,"L"
2024,9,0,5,165.72,10,225.14,0,"L"
2024,9,0,6,175,14,197.56,0,"L"
2024,9,0,7,205.64,9,126.88,1,"W"
2024,9,0,8,329.9,2,241.08,1,"W"
2024,9,0,9,126.88,7,205.64,0,"L"
2024,9,0,10,225.14,5,165.72,1,"W"
2024,9,0,11,203,4,181.74,1,"W"
2024,9,0,12,238.76,3,188.1,1,"W"
2024,9,0,13,119.02,1,183.32,0,"L"
2024,9,0,14,197.56,6,175,1,"W"
2024,10,0,1,208.54,10,182,1,"W"
2024,10,0,2,195.56,12,140.38,1,"W"
2024,10,0,3,121.48,4,169.26,0,"L"
2024,10,0,4,169.26,3,121.48,1,"W"
2024,10,0,5,171.74,9,136.3,1,"W"
2024,10,0,6,180.76,7,204.34,0,"L"
2024,10,0,7,204.34,6,180.76,1,"W"
2024,10,0,8,221.1,14,188.8,1,"W"
2024,10,0,9,136.3,5,171.74,0,"L"
2024,10,0,10,182,1,208.54,0,"L"
2024,10,0,11,184.78,13,91.3,1,"W"
2024,10,0,12,140.38,2,195.56,0,"L"
2024,10,0,13,91.3,11,184.78,0,"L"
2024,10,0,14,188.8,8,221.1,0,"L"
2024,11,0,1,202.76,8,263.32,0,"L"
2024,11,0,2,284.7,5,145.32,1,"W"
2024,11,0,3,161.16,6,184.12,0,"L"
2024,11,0,4,228.1,9,140.02,1,"W"
2024,11,0,5,145.32,2,284.7,0,"L"
2024,11,0,6,184.12,3,161.16,1,"W"
2024,11,0,7,214.82,11,136.42,1,"W"
2024,11,0,8,263.32,1,202.76,1,"W"
2024,11,0,9,140.02,4,228.1,0,"L"
2024,11,0,10,220.92,14,138.1,1,"W"
2024,11,0,11,136.42,7,214.82,0,"L"
2024,11,0,12,149.9,13,123.04,1,"W"
2024,11,0,13,123.04,12,149.9,0,"L"
2024,11,0,14,138.1,10,220.92,0,"L"
2024,12,0,1,200.9,5,185.72,1,"W"
2024,12,0,2,211.22,14,155.4,1,"W"
2024,12,0,3,182.86,11,146.76,1,"W"
2024,12,0,4,204.38,10,178.58,1,"W"
2024,12,0,5,185.72,1,200.9,0,"L"
2024,12,0,6,133.8,9,131.76,1,"W"
2024,12,0,7,229.24,12,215.86,1,"W"
2024,12,0,8,253.48,13,165.22,1,"W"
2024,12,0,9,131.76,6,133.8,0,"L"
2024,12,0,10,178.58,4,204.38,0,"L"
2024,12,0,11,146.76,3,182.86,0,"L"
2024,12,0,12,215.86,7,229.24,0,"L"
2024,12,0,13,165.22,8,253.48,0,"L"
2024,12,0,14,155.4,2,211.22,0,"L"
2024,13,0,1,213.26,6,151.9,1,"W"
2024,13,0,2,233.52,13,221.72,1,"W"
2024,13,0,3,212.9,8,234.02,0,"L"
2024,13,0,4,236.72,5,178.38,1,"W"
2024,13,0,5,178.38,4,236.72,0,"L"
2024,13,0,6,151.9,1,213.26,0,"L"
2024,13,0,7,205.82,14,125,1,"W"
2024,13,0,8,234.02,3,212.9,1,"W"
2024,13,0,9,128.34,12,238.12,0,"L"
2024,13,0,10,232.2,11,223.34,1,"W"
2024,13,0,11,223.34,10,232.2,0,"L"
2024,13,0,12,238.12,9,128.34,1,"W"
2024,13,0,13,221.72,2,233.52,0,"L"
2024,13,0,14,125,7,205.82,0,"L"
2024,14,0,1,209.88,4,131,1,"W"
2024,14,0,2,286.86,7,154.26,1,"W"
2024,14,0,3,159.58,14,122.3,1,"W"
2024,14,0,4,131,1,209.88,0,"L"
2024,14,0,5,237.88,13,153.46,1,"W"
2024,14,0,6,177.46,8,197.06,0,"L"
2024,14,0,7,154.26,2,286.86,0,"L"
2024,14,0,8,197.06,6,177.46,1,"W"
2024,14,0,9,179.56,11,234.6,0,"L"
2024,14,0,10,193.22,12,186,1,"W"
2024,14,0,11,234.6,9,179.56,1,"W"
2024,14,0,12,186,10,193.22,0,"L"
2024,14,0,13,153.46,5,237.88,0,"L"
2024,14,0,14,122.3,3,159.58,0,"L"
2024,15,1,1,274.44,4,176.6,1,"W"
2024,15,1,2,176.26,12,185.88,0,"L"
2024,15,1,4,176.6,1,274.44,0,"L"
2024,15,1,7,234.46,10,245.76,0,"L"
2024,15,1,10,245.76,7,234.46,1,"W"
2024,15,1,12,185.88,2,176.26,1,"W"
2024,15,-2,3,226.86,9,137.6,1,"W"
2024,15,-2,5,165.74,13,93.68,1,"W"
2024,15,-2,6,171.14,14,107.4,1,"W"
2024,15,-2,9,137.6,3,226.86,0,"L"
2024,15,-2,13,93.68,5,165.74,0,"L"
2024,15,-2,14,107.4,6,171.14,0,"L"
2024,16,1,1,256.02,12,235.9,1,"W"
2024,16,1,8,233.72,10,199,1,"W"
2024,16,1,10,199,8,233.72,0,"L"
2024,16,1,12,235.9,1,256.02,0,"L"
2024,16,-1,2,249.38,4,168.44,1,"W"
2024,16,-1,4,168.44,2,249.38,0,"L"
2024,16,-2,3,170.66,5,180.9,0,"L"
2024,16,-2,5,180.9,3,170.66,1,"W"
2024,16,-2,6,184.76,11,180.2,1,"W"
2024,16,-2,9,156.34,13,139.36,1,"W"
2024,16,-2,11,180.2,6,184.76,0,"L"
2024,16,-2,13,139.36,9,156.34,0,"L"
2024,17,1,1,251.04,8,228.48,1,"W"
2024,17,1,8,228.48,1,251.04,0,"L"
2024,17,-1,2,244.2,7,236.32,1,"W"
2024,17,-1,7,236.32,2,244.2,0,"L"
2024,17,-1,10,208.58,12,167.16,1,"W"
2024,17,-1,12,167.16,10,208.58,0,"L"
2024,17,-2,3,206.04,11,179.88,1,"W"
2024,17,-2,5,175.3,6,151.46,1,"W"
2024,17,-2,6,151.46,5,175.3,0,"L"
2024,17,-2,9,105.82,14,160.6,0,"L"
2024,17,-2,11,179.88,3,206.04,0,"L"
2024,17,-2,14,160.6,9,105.82,1,"W"
2025,1,0,1,144.02,8,124.82,1,"W"
2025,1,0,2,175.38,4,189.2,0,"L"
2025,1,0,3,153.68,10,136.74,1,"W"
2025,1,0,4,189.2,2,175.38,1,"W"
2025,1,0,5,141.16,13,120.34,1,"W"
2025,1,0,6,125.6,9,112.94,1,"W"
2025,1,0,7,163.06,11,201.44,0,"L"
2025,1,0,8,124.82,1,144.02,0,"L"
2025,1,0,9,112.94,6,125.6,0,"L"
2025,1,0,10,136.74,3,153.68,0,"L"
2025,1,0,11,201.44,7,163.06,1,"W"
2025,1,0,12,180.72,14,179.4,1,"W"
2025,1,0,13,120.34,5,141.16,0,"L"
2025,1,0,14,179.4,12,180.72,0,"L"
2025,2,0,1,218.44,2,162.62,1,"W"
2025,2,0,2,162.62,1,218.44,0,"L"
2025,2,0,3,149.46,14,125.78,1,"W"
2025,2,0,4,190.58,7,203.18,0,"L"
2025,2,0,5,137.1,6,154.86,0,"L"
2025,2,0,6,154.86,5,137.1,1,"W"
2025,2,0,7,203.18,4,190.58,1,"W"
2025,2,0,8,118.4,10,163.36,0,"L"
2025,2,0,9,98.46,11,183.46,0,"L"
2025,2,0,10,163.36,8,118.4,1,"W"
2025,2,0,11,183.46,9,98.46,1,"W"
2025,2,0,12,133.4,13,180.08,0,"L"
2025,2,0,13,180.08,12,133.4,1,"W"
2025,2,0,14,125.78,3,149.46,0,"L"
2025,3,0,1,125.18,3,162.78,0,"L"
2025,3,0,2,210.7,6,183.04,1,"W"
2025,3,0,3,162.78,1,125.18,1,"W"
2025,3,0,4,167.82,8,110.28,1,"W"
2025,3,0,5,127.22,14,143.56,0,"L"
2025,3,0,6,183.04,2,210.7,0,"L"
2025,3,0,7,155.94,9,148.02,1,"W"
2025,3,0,8,110.28,4,167.82,0,"L"
2025,3,0,9,148.02,7,155.94,0,"L"
2025,3,0,10,170.76,13,111.42,1,"W"
2025,3,0,11,184.46,12,174.12,1,"W"
2025,3,0,12,174.12,11,184.46,0,"L"
2025,3,0,13,111.42,10,170.76,0,"L"
2025,3,0,14,143.56,5,127.22,1,"W"
2025,4,0,1,126.14,7,162.46,0,"L"
2025,4,0,2,171.6,3,152.56,1,"W"
2025,4,0,3,152.56,2,171.6,0,"L"
2025,4,0,4,228.36,6,230.62,0,"L"
2025,4,0,5,134.42,9,99.12,1,"W"
2025,4,0,6,230.62,4,228.36,1,"W"
2025,4,0,7,162.46,1,126.14,1,"W"
2025,4,0,8,124.66,12,155.88,0,"L"
2025,4,0,9,99.12,5,134.42,0,"L"
2025,4,0,10,187.34,11,181.36,1,"W"
2025,4,0,11,181.36,10,187.34,0,"L"
2025,4,0,12,155.88,8,124.66,1,"W"
2025,4,0,13,139.22,14,141.04,0,"L"
2025,4,0,14,141.04,13,139.22,1,"W"
2025,5,0,1,151.38,12,173.98,0,"L"
2025,5,0,2,252.12,13,138.4,1,"W"
2025,5,0,3,193.66,6,112.64,1,"W"
2025,5,0,4,192.44,10,142.44,1,"W"
2025,5,0,5,210.9,7,96.1,1,"W"
2025,5,0,6,112.64,3,193.66,0,"L"
2025,5,0,7,96.1,5,210.9,0,"L"
2025,5,0,8,159.5,11,109.82,1,"W"
2025,5,0,9,134.66,14,142.86,0,"L"
2025,5,0,10,142.44,4,192.44,0,"L"
2025,5,0,11,109.82,8,159.5,0,"L"
2025,5,0,12,173.98,1,151.38,1,"W"
2025,5,0,13,138.4,2,252.12,0,"L"
2025,5,0,14,142.86,9,134.66,1,"W"
2025,6,0,1,171.08,14,162.32,1,"W"
2025,6,0,2,214.96,11,235.62,0,"L"
2025,6,0,3,184.32,12,137.26,1,"W"
2025,6,0,4,262.74,9,181.28,1,"W"
2025,6,0,5,154.56,10,207.1,0,"L"
2025,6,0,6,145.42,8,133.16,1,"W"
2025,6,0,7,179.58,13,171.46,1,"W"
2025,6,0,8,133.16,6,145.42,0,"L"
2025,6,0,9,181.28,4,262.74,0,"L"
2025,6,0,10,207.1,5,154.56,1,"W"
2025,6,0,11,235.62,2,214.96,1,"W"
2025,6,0,12,137.26,3,184.32,0,"L"
2025,6,0,13,171.46,7,179.58,0,"L"
2025,6,0,14,162.32,1,171.08,0,"L"
2025,7,0,1,230.04,6,173.6,1,"W"
2025,7,0,2,183.92,14,168.68,1,"W"
2025,7,0,3,146.14,13,186.46,0,"L"
2025,7,0,4,229.82,11,225.44,1,"W"
2025,7,0,5,246.42,12,163.26,1,"W"
2025,7,0,6,173.6,1,230.04,0,"L"
2025,7,0,7,227.84,10,200.84,1,"W"
2025,7,0,8,185.98,9,166.44,1,"W"
2025,7,0,9,166.44,8,185.98,0,"L"
2025,7,0,10,200.84,7,227.84,0,"L"
2025,7,0,11,225.44,4,229.82,0,"L"
2025,7,0,12,163.26,5,246.42,0,"L"
2025,7,0,13,186.46,3,146.14,1,"W"
2025,7,0,14,168.68,2,183.92,0,"L"
2025,8,0,1,201.6,13,138.94,1,"W"
2025,8,0,2,156.46,7,208.38,0,"L"
2025,8,0,3,111.62,11,219.18,0,"L"
2025,8,0,4,168.08,12,213.2,0,"L"
2025,8,0,5,170.08,8,234.42,0,"L"
2025,8,0,6,143.76,14,187.3,0,"L"
2025,8,0,7,208.38,2,156.46,1,"W"
2025,8,0,8,234.42,5,170.08,1,"W"
2025,8,0,9,148.36,10,183.18,0,"L"
2025,8,0,10,183.18,9,148.36,1,"W"
2025,8,0,11,219.18,3,111.62,1,"W"
2025,8,0,12,213.2,4,168.08,1,"W"
2025,8,0,13,138.94,1,201.6,0,"L"
2025,8,0,14,187.3,6,143.76,1,"W"
2025,9,0,1,192.36,5,198.24,0,"L"
2025,9,0,2,224.8,8,186.64,1,"W"
2025,9,0,3,172.5,4,203.54,0,"L"
2025,9,0,4,203.54,3,172.5,1,"W"
2025,9,0,5,198.24,1,192.36,1,"W"
2025,9,0,6,127.02,10,201.76,0,"L"
2025,9,0,7,193.96,14,184.08,1,"W"
2025,9,0,8,186.64,2,224.8,0,"L"
2025,9,0,9,189.76,12,176.32,1,"W"
2025,9,0,10,201.76,6,127.02,1,"W"
2025,9,0,11,167.42,13,125.42,1,"W"
2025,9,0,12,176.32,9,189.76,0,"L"
2025,9,0,13,125.42,11,167.42,0,"L"
2025,9,0,14,184.08,7,193.96,0,"L"
2025,10,0,1,172.6,11,191.96,0,"L"
2025,10,0,2,264.48,12,114.22,1,"W"
2025,10,0,3,167.34,8,194.18,0,"L"
2025,10,0,4,200.76,5,185.5,1,"W"
2025,10,0,5,185.5,4,200.76,0,"L"
2025,10,0,6,120.46,7,187.9,0,"L"
2025,10,0,7,187.9,6,120.46,1,"W"
2025,10,0,8,194.18,3,167.34,1,"W"
2025,10,0,9,162.26,13,184.74,0,"L"
2025,10,0,10,228.8,14,140.9,1,"W"
2025,10,0,11,191.96,1,172.6,1,"W"
2025,10,0,12,114.22,2,264.48,0,"L"
2025,10,0,13,184.74,9,162.26,1,"W"
2025,10,0,14,140.9,10,228.8,0,"L"
2025,11,0,1,188.34,9,142.76,1,"W"
2025,11,0,2,224.32,10,147.7,1,"W"
2025,11,0,3,173.5,7,158.52,1,"W"
2025,11,0,4,252.78,13,148.66,1,"W"
2025,11,0,5,160.48,11,177.68,0,"L"
2025,11,0,6,133.76,12,241.98,0,"L"
2025,11,0,7,158.52,3,173.5,0,"L"
2025,11,0,8,186.76,14,176.12,1,"W"
2025,11,0,9,142.76,1,188.34,0,"L"
2025,11,0,10,147.7,2,224.32,0,"L"
2025,11,0,11,177.68,5,160.48,1,"W"
2025,11,0,12,241.98,6,133.76,1,"W"
2025,11,0,13,148.66,4,252.78,0,"L"
2025,11,0,14,176.12,8,186.76,0,"L"
2025,12,0,1,184.46,8,161.94,1,"W"
2025,12,0,2,194.9,4,198.8,0,"L"
2025,12,0,3,176.62,10,196.02,0,"L"
2025,12,0,4,198.8,2,194.9,1,"W"
2025,12,0,5,258.4,13,131.24,1,"W"
2025,12,0,6,113.4,9,166.5,0,"L"
2025,12,0,7,130.86,11,187.18,0,"L"
2025,12,0,8,161.94,1,184.46,0,"L"
2025,12,0,9,166.5,6,113.4,1,"W"
2025,12,0,10,196.02,3,176.62,1,"W"
2025,12,0,11,187.18,7,130.86,1,"W"
2025,12,0,12,195.96,14,216.1,0,"L"
2025,12,0,13,131.24,5,258.4,0,"L"
2025,12,0,14,216.1,12,195.96,1,"W"
2025,13,0,1,235.08,10,197.46,1,"W"
2025,13,0,2,178.96,9,180.88,0,"L"
2025,13,0,3,209.3,5,184.2,1,"W"
2025,13,0,4,237.44,14,142.94,1,"W"
2025,13,0,5,184.2,3,209.3,0,"L"
2025,13,0,6,151.84,11,164.32,0,"L"
2025,13,0,7,161.56,12,187.48,0,"L"
2025,13,0,8,164.7,13,196.14,0,"L"
2025,13,0,9,180.88,2,178.96,1,"W"
2025,13,0,10,197.46,1,235.08,0,"L"
2025,13,0,11,164.32,6,151.84,1,"W"
2025,13,0,12,187.48,7,161.56,1,"W"
2025,13,0,13,196.14,8,164.7,1,"W"
2025,13,0,14,142.94,4,237.44,0,"L"
2025,14,0,1,164.62,4,168.18,0,"L"
2025,14,0,2,224.6,5,217.8,1,"W"
2025,14,0,3,204.82,9,140.96,1,"W"
2025,14,0,4,168.18,1,164.62,1,"W"
2025,14,0,5,217.8,2,224.6,0,"L"
2025,14,0,6,192.72,13,140.7,1,"W"
2025,14,0,7,156.86,8,143.62,1,"W"
2025,14,0,8,143.62,7,156.86,0,"L"
2025,14,0,9,140.96,3,204.82,0,"L"
2025,14,0,10,222.22,12,138.76,1,"W"
2025,14,0,11,219.64,14,134.74,1,"W"
2025,14,0,12,138.76,10,222.22,0,"L"
2025,14,0,13,140.7,6,192.72,0,"L"
2025,14,0,14,134.74,11,219.64,0,"L"
2025,15,1,2,223.72,10,220.3,1,"W"
2025,15,1,3,223.74,11,201.02,1,"W"
2025,15,1,5,195.92,7,247.38,0,"L"
2025,15,1,7,247.38,5,195.92,1,"W"
2025,15,1,10,220.3,2,223.72,0,"L"
2025,15,1,11,201.02,3,223.74,0,"L"
2025,15,-2,6,205.06,14,184.96,1,"W"
2025,15,-2,8,184.98,13,144.14,1,"W"
2025,15,-2,9,174.16,12,149.58,1,"W"
2025,15,-2,12,149.58,9,174.16,0,"L"
2025,15,-2,13,144.14,8,184.98,0,"L"
2025,15,-2,14,184.96,6,205.06,0,"L"
2025,16,1,2,262.74,4,244.68,1,"W"
2025,16,1,3,202.62,7,232.88,0,"L"
2025,16,1,4,244.68,2,262.74,0,"L"
2025,16,1,7,232.88,3,202.62,1,"W"
2025,16,-1,5,182.12,11,173.9,1,"W"
2025,16,-1,11,173.9,5,182.12,0,"L"
2025,16,-2,1,229.06,6,196.36,1,"W"
2025,16,-2,6,196.36,1,229.06,0,"L"
2025,16,-2,8,193.68,9,100.34,1,"W"
2025,16,-2,9,100.34,8,193.68,0,"L"
2025,16,-2,12,183.8,13,109.98,1,"W"
2025,16,-2,13,109.98,12,183.8,0,"L"
